"cma","xi","yi","xg","yg"
001,-52.71094,47.57387,-52.70985,47.57385
001,-52.72955,47.55331,-52.72849,47.55307
001,-52.71728,47.67806,-52.71685,47.67780
001,-52.79224,47.60096,-52.79129,47.60081
001,-52.73959,47.60190,-52.73874,47.60190
001,-52.73209,47.56345,-52.73105,47.56313
001,-52.71237,47.56404,-52.71141,47.56391
001,-52.71100,47.56274,-52.70998,47.56262
001,-52.73903,47.54725,-52.73799,47.54705
001,-52.74050,47.53834,-52.73953,47.53809
001,-52.71059,47.51678,-52.70981,47.51675
001,-52.76902,47.48821,-52.76774,47.48818
001,-52.74150,47.33088,-52.74046,47.33081
001,-53.03334,47.46649,-53.03109,47.46703
001,-52.77136,47.53851,-52.77036,47.53819
001,-52.74643,47.54475,-52.74566,47.54455
205,-63.59615,44.82876,-63.59475,44.82844
205,-63.49118,44.67175,-63.49006,44.67161
205,-63.51372,44.64369,-63.51300,44.64371
205,-63.51881,44.67176,-63.51826,44.67173
205,-63.56695,44.66833,-63.56626,44.66848
205,-63.57074,44.68199,-63.57005,44.68220
205,-63.53793,44.68550,-63.53749,44.68578
205,-63.58471,44.67920,-63.58418,44.67938
205,-63.57828,44.66992,-63.57750,44.67012
205,-63.65722,44.74459,-63.65641,44.74480
205,-63.67733,44.76434,-63.67680,44.76438
205,-63.68104,44.72812,-63.68038,44.72822
205,-63.66712,44.72809,-63.66639,44.72818
205,-63.65487,44.73810,-63.65436,44.73865
205,-63.81867,44.72772,-63.81728,44.72745
205,-63.61860,44.61138,-63.61776,44.61167
205,-63.62064,44.60857,-63.61979,44.60900
205,-63.62296,44.63551,-63.62181,44.63596
205,-63.63031,44.64842,-63.62960,44.64853
205,-63.63077,44.65343,-63.63012,44.65363
205,-63.63420,44.65900,-63.63347,44.65910
205,-63.65803,44.66831,-63.65710,44.66846
205,-63.65118,44.67843,-63.65034,44.67849
205,-63.66620,44.67629,-63.66537,44.67638
205,-63.58405,44.63249,-63.58318,44.63265
205,-63.57845,44.64842,-63.57775,44.64856
205,-63.61410,44.64363,-63.61356,44.64386
205,-63.61071,44.66467,-63.60996,44.66480
305,-65.03982,46.02884,-65.03878,46.02898
305,-64.69557,46.05677,-64.69499,46.05690
305,-64.73419,46.08442,-64.73331,46.08488
305,-64.74345,46.10467,-64.74177,46.10529
305,-64.75609,46.10292,-64.75519,46.10336
305,-64.74915,46.09356,-64.74817,46.09410
305,-64.79613,46.10435,-64.79475,46.10495
305,-64.78585,46.09420,-64.78468,46.09486
305,-64.81205,46.10045,-64.81080,46.10085
305,-64.84778,46.11134,-64.84693,46.11206
305,-64.79889,46.05237,-64.79825,46.05291
305,-64.80359,46.05146,-64.80294,46.05206
305,-64.97698,46.08818,-64.97559,46.08880
310,-65.88357,45.32663,-65.88274,45.32646
310,-65.99950,45.24507,-65.99883,45.24502
310,-66.03873,45.28210,-66.03812,45.28212
310,-66.04332,45.28702,-66.04258,45.28709
310,-66.05812,45.26951,-66.05760,45.26947
310,-66.08078,45.27525,-66.08024,45.27532
310,-66.10051,45.29777,-66.09988,45.29796
310,-66.07418,45.25467,-66.07384,45.25472
310,-66.09412,45.24842,-66.09337,45.24853
310,-66.10247,45.25559,-66.10154,45.25569
310,-66.17126,45.28854,-66.17068,45.28866
310,-66.38110,45.17818,-66.37975,45.17883
408,-70.85303,48.31177,-70.85318,48.31157
408,-71.07577,48.42145,-71.07519,48.42148
408,-70.87955,48.33012,-70.87949,48.32990
408,-70.87986,48.34094,-70.87963,48.34074
408,-70.95795,48.37908,-70.95761,48.37891
408,-71.06063,48.40278,-71.05999,48.40286
408,-71.04280,48.42388,-71.04225,48.42398
408,-71.02157,48.43020,-71.02111,48.43022
408,-71.06869,48.43740,-71.06831,48.43749
408,-71.09351,48.45172,-71.09282,48.45168
408,-71.07451,48.44165,-71.07414,48.44189
408,-71.06246,48.45141,-71.06219,48.45135
408,-71.10318,48.44695,-71.10238,48.44699
408,-71.14072,48.43349,-71.14000,48.43364
408,-71.16889,48.40815,-71.16838,48.40812
408,-71.18322,48.41117,-71.18248,48.41123
408,-71.17716,48.42983,-71.17656,48.42989
408,-71.23774,48.42971,-71.23737,48.42978
408,-71.24620,48.41532,-71.24571,48.41527
408,-71.25149,48.39973,-71.25091,48.39950
408,-71.29515,48.41993,-71.29453,48.41973
421,-71.19851,46.71969,-71.19818,46.71988
421,-71.20759,46.89704,-71.20714,46.89707
421,-71.24086,46.75190,-71.24011,46.75187
421,-71.29811,46.65625,-71.29786,46.65665
421,-71.27935,46.69040,-71.27900,46.69068
421,-71.28662,46.70233,-71.28631,46.70259
421,-71.25845,46.71478,-71.25796,46.71514
421,-71.27399,46.71977,-71.27363,46.72012
421,-71.26689,46.74079,-71.26622,46.74098
421,-71.18335,46.78605,-71.18240,46.78642
421,-71.16597,46.82592,-71.16565,46.82557
421,-71.38474,46.70414,-71.38465,46.70421
421,-71.36928,46.67027,-71.36915,46.67054
421,-71.21201,46.58730,-71.21169,46.58742
421,-71.36547,46.74605,-71.36448,46.74616
421,-71.35422,46.75749,-71.35357,46.75761
421,-71.18076,46.86821,-71.18031,46.86819
421,-71.33977,46.75433,-71.33917,46.75455
421,-71.32141,46.76032,-71.32082,46.76059
421,-71.32058,46.76991,-71.32003,46.77010
421,-71.37048,46.79900,-71.36978,46.79917
421,-71.33915,46.80519,-71.33858,46.80539
421,-71.38985,46.81212,-71.38915,46.81234
421,-71.35916,46.83778,-71.35869,46.83780
421,-71.37179,46.84700,-71.37122,46.84710
421,-71.34996,46.86476,-71.34952,46.86476
421,-71.34432,46.91459,-71.34368,46.91447
421,-71.32471,46.84814,-71.32414,46.84826
421,-71.29729,46.81544,-71.29677,46.81562
421,-71.25003,46.77925,-71.24956,46.77930
421,-71.27387,46.76196,-71.27325,46.76216
421,-71.23468,46.79993,-71.23418,46.79998
421,-71.23941,46.80832,-71.23891,46.80831
421,-71.23209,46.80984,-71.23156,46.80975
421,-71.21994,46.81136,-71.21942,46.81138
421,-71.21359,46.81272,-71.21310,46.81287
421,-71.23518,46.83153,-71.23470,46.83158
421,-71.22113,46.83726,-71.22056,46.83736
421,-71.24711,46.84689,-71.24657,46.84679
421,-71.27240,46.86577,-71.27171,46.86569
421,-71.27534,46.88821,-71.27501,46.88843
421,-71.29562,46.88918,-71.29522,46.88936
421,-71.37478,46.93255,-71.37404,46.93262
421,-71.20366,46.85434,-71.20288,46.85415
421,-71.19229,46.85991,-71.19174,46.85983
421,-71.15925,46.88397,-71.15860,46.88423
421,-71.26024,46.84301,-71.25981,46.84291
421,-71.18483,46.80441,-71.18433,46.80444
421,-71.20203,46.81394,-71.20154,46.81412
421,-71.27204,46.78834,-71.27147,46.78862
421,-71.22257,46.67980,-71.22187,46.68018
433,-71.92701,45.40362,-71.92649,45.40383
433,-71.93285,45.40891,-71.93218,45.40901
433,-71.91231,45.41912,-71.91186,45.41924
433,-71.87168,45.41194,-71.87104,45.41195
433,-71.87228,45.40808,-71.87169,45.40806
433,-71.89281,45.38992,-71.89252,45.38990
433,-71.93735,45.38114,-71.93690,45.38146
433,-71.91218,45.38962,-71.91201,45.38963
433,-71.95713,45.41108,-71.95644,45.41109
442,-72.59376,46.33533,-72.59326,46.33535
442,-72.61251,46.35520,-72.61264,46.35473
442,-72.54983,46.34263,-72.54937,46.34255
442,-72.53769,46.34676,-72.53736,46.34672
442,-72.55084,46.35455,-72.55058,46.35457
442,-72.57973,46.36243,-72.57950,46.36242
442,-72.60080,46.36336,-72.60033,46.36336
442,-72.64476,46.38650,-72.64404,46.38648
442,-72.56469,46.38274,-72.56397,46.38296
442,-72.55297,46.38951,-72.55262,46.38947
442,-72.53594,46.37236,-72.53570,46.37231
442,-72.51753,46.37257,-72.51701,46.37252
442,-72.50549,46.36399,-72.50509,46.36386
442,-72.50000,46.37274,-72.49958,46.37261
459,-73.27499,45.34050,-73.27454,45.34086
459,-73.26750,45.30307,-73.26661,45.30296
459,-73.23085,45.30410,-73.23008,45.30415
459,-73.32207,45.31886,-73.32116,45.31876
462,-73.29476,45.44830,-73.29413,45.44837
462,-73.30857,45.43828,-73.30795,45.43836
462,-73.28644,45.43546,-73.28574,45.43552
462,-73.25266,45.44327,-73.25202,45.44344
462,-73.28764,45.52691,-73.28733,45.52672
462,-73.28629,45.51661,-73.28628,45.51662
462,-73.29570,45.53978,-73.29551,45.53966
462,-73.34582,45.52962,-73.34540,45.52990
462,-73.32963,45.51819,-73.32919,45.51828
462,-73.32682,45.52936,-73.32646,45.52948
462,-73.35099,45.54024,-73.35077,45.54039
462,-73.21627,45.53611,-73.21601,45.53616
462,-73.18689,45.53315,-73.18645,45.53336
462,-73.29123,45.48980,-73.29025,45.48984
462,-73.22618,45.55364,-73.22598,45.55364
462,-73.23817,45.55486,-73.23824,45.55493
462,-73.21756,45.56151,-73.21721,45.56161
462,-73.20383,45.57182,-73.20348,45.57177
462,-73.20288,45.58138,-73.20245,45.58150
462,-73.19464,45.58816,-73.19433,45.58834
462,-73.30570,45.64322,-73.30541,45.64316
462,-73.28236,45.66809,-73.28198,45.66805
462,-73.43724,45.68711,-73.43701,45.68731
462,-73.43021,45.67776,-73.42992,45.67790
462,-73.41653,45.68303,-73.41670,45.68318
462,-73.41603,45.68964,-73.41593,45.68994
462,-73.41604,45.68112,-73.41620,45.68128
462,-73.42218,45.67425,-73.42203,45.67440
462,-73.43338,45.66480,-73.43319,45.66486
462,-73.45165,45.61432,-73.45125,45.61446
462,-73.43698,45.59128,-73.43640,45.59137
462,-73.45453,45.59040,-73.45401,45.59049
462,-73.45048,45.56885,-73.44987,45.56872
462,-73.46227,45.53222,-73.46150,45.53230
462,-73.48221,45.52932,-73.48169,45.52945
462,-73.50834,45.52430,-73.50783,45.52447
462,-73.47810,45.51858,-73.47761,45.51870
462,-73.45685,45.51201,-73.45644,45.51208
462,-73.49686,45.49254,-73.49639,45.49238
462,-73.50608,45.49090,-73.50601,45.49094
462,-73.48199,45.48193,-73.48161,45.48184
462,-73.46164,45.46732,-73.46125,45.46730
462,-73.47845,45.45007,-73.47782,45.45002
462,-73.49103,45.43990,-73.49063,45.43998
462,-73.46148,45.44229,-73.46125,45.44237
462,-73.49721,45.41226,-73.49669,45.41224
462,-73.47248,45.41029,-73.47182,45.41027
462,-73.51372,45.38459,-73.51338,45.38436
462,-73.53233,45.39537,-73.53215,45.39504
462,-73.68047,45.41162,-73.68033,45.41147
462,-73.71646,45.35884,-73.71588,45.35860
462,-73.73915,45.36137,-73.73900,45.36119
462,-73.73714,45.37403,-73.73672,45.37386
462,-73.76761,45.35595,-73.76752,45.35560
462,-73.87012,45.31457,-73.86954,45.31449
462,-73.43206,45.48892,-73.43146,45.48900
462,-73.40716,45.49813,-73.40658,45.49826
462,-73.34909,45.59765,-73.34932,45.59787
462,-73.98808,45.37264,-73.98754,45.37267
462,-74.01583,45.38944,-74.01528,45.38937
462,-74.02918,45.40118,-74.02855,45.40113
462,-74.18255,45.45703,-74.18218,45.45708
462,-74.08671,45.46337,-74.08629,45.46340
462,-73.94858,45.40650,-73.94824,45.40669
462,-73.89973,45.41339,-73.89918,45.41357
462,-73.86569,45.43650,-73.86503,45.43659
462,-73.82546,45.44198,-73.82494,45.44209
462,-73.79728,45.46029,-73.79680,45.46030
462,-73.78077,45.45482,-73.78011,45.45493
462,-73.76364,45.44724,-73.76322,45.44726
462,-73.72130,45.44447,-73.72087,45.44445
462,-73.70032,45.43993,-73.70009,45.43995
462,-73.66383,45.44204,-73.66350,45.44203
462,-73.63041,45.42270,-73.63011,45.42259
462,-73.59471,45.43157,-73.59425,45.43163
462,-73.57692,45.45487,-73.57641,45.45498
462,-73.59723,45.46091,-73.59695,45.46101
462,-73.62367,45.46658,-73.62339,45.46665
462,-73.62795,45.48512,-73.62784,45.48524
462,-73.64071,45.49554,-73.64055,45.49565
462,-73.66673,45.46893,-73.66641,45.46880
462,-73.64984,45.46981,-73.64964,45.46994
462,-73.54639,45.45961,-73.54591,45.45958
462,-73.55912,45.47934,-73.55881,45.47926
462,-73.58180,45.49195,-73.58154,45.49188
462,-73.57386,45.50496,-73.57351,45.50496
462,-73.50832,45.50982,-73.50817,45.50997
462,-73.61574,45.51584,-73.61517,45.51574
462,-73.60491,45.52497,-73.60439,45.52495
462,-73.58338,45.52390,-73.58292,45.52395
462,-73.56475,45.51788,-73.56428,45.51789
462,-73.55296,45.52265,-73.55239,45.52262
462,-73.57607,45.53918,-73.57565,45.53916
462,-73.54557,45.54484,-73.54499,45.54486
462,-73.53368,45.55534,-73.53329,45.55504
462,-73.59891,45.48328,-73.59847,45.48328
462,-73.64769,45.51377,-73.64727,45.51408
462,-73.69300,45.50659,-73.69248,45.50643
462,-73.67818,45.51849,-73.67726,45.51834
462,-73.70831,45.52213,-73.70746,45.52218
462,-73.80320,45.48993,-73.80289,45.49026
462,-73.81838,45.51000,-73.81803,45.51001
462,-73.81756,45.49270,-73.81725,45.49285
462,-73.86303,45.47422,-73.86248,45.47433
462,-73.86808,45.46112,-73.86751,45.46160
462,-73.89626,45.46379,-73.89554,45.46365
462,-73.88034,45.46050,-73.87913,45.46039
462,-73.89698,45.44588,-73.89673,45.44613
462,-73.84693,45.46260,-73.84640,45.46259
462,-73.84232,45.48015,-73.84192,45.48019
462,-73.84616,45.50743,-73.84588,45.50744
462,-73.87839,45.53621,-73.87796,45.53627
462,-73.88362,45.48990,-73.88321,45.49000
462,-73.94059,45.52843,-73.94016,45.52848
462,-73.89325,45.56165,-73.89326,45.56179
462,-73.90121,45.56312,-73.90101,45.56323
462,-73.90144,45.54671,-73.90130,45.54686
462,-73.86042,45.57793,-73.86005,45.57815
462,-73.80485,45.52452,-73.80454,45.52458
462,-73.74881,45.54105,-73.74845,45.54103
462,-73.71081,45.56096,-73.71012,45.56087
462,-73.68108,45.57819,-73.68018,45.57797
462,-73.67764,45.54014,-73.67702,45.54029
462,-73.66542,45.54848,-73.66488,45.54851
462,-73.65401,45.56799,-73.65340,45.56822
462,-73.63513,45.58821,-73.63449,45.58830
462,-73.62605,45.61171,-73.62522,45.61175
462,-73.60994,45.63142,-73.60928,45.63138
462,-73.57963,45.64929,-73.57894,45.64934
462,-73.55802,45.66029,-73.55739,45.66021
462,-73.60553,45.53397,-73.60500,45.53400
462,-73.63834,45.52761,-73.63784,45.52772
462,-73.61512,45.55123,-73.61457,45.55128
462,-73.60581,45.58460,-73.60496,45.58443
462,-73.58775,45.56499,-73.58728,45.56501
462,-73.58327,45.55048,-73.58283,45.55047
462,-73.56031,45.57865,-73.55990,45.57862
462,-73.57172,45.58927,-73.57081,45.58909
462,-73.58620,45.60362,-73.58525,45.60351
462,-73.57147,45.60744,-73.57089,45.60719
462,-73.54163,45.60789,-73.54108,45.60764
462,-73.51823,45.60158,-73.51737,45.60154
462,-73.51490,45.64366,-73.51377,45.64385
462,-73.50392,45.65746,-73.50324,45.65758
462,-73.49481,45.63310,-73.49400,45.63322
462,-73.48654,45.69832,-73.48572,45.69843
462,-73.49937,45.67102,-73.49868,45.67123
462,-73.51924,45.70769,-73.51893,45.70728
462,-73.46836,45.71823,-73.46843,45.71851
462,-73.46071,45.73110,-73.46041,45.73114
462,-73.45086,45.74214,-73.45024,45.74233
462,-73.47268,45.76032,-73.47224,45.76044
462,-73.43170,45.76335,-73.43122,45.76312
462,-73.41689,45.77995,-73.41628,45.77957
462,-73.42548,45.82433,-73.42481,45.82422
462,-73.27758,45.88479,-73.27675,45.88494
462,-73.57500,45.66850,-73.57420,45.66852
462,-73.63054,45.70553,-73.63032,45.70567
462,-73.66062,45.71006,-73.66004,45.70995
462,-73.66492,45.73249,-73.66446,45.73249
462,-73.61782,45.75294,-73.61734,45.75297
462,-73.59946,45.73899,-73.59904,45.73906
462,-73.37869,45.46775,-73.37811,45.46794
462,-73.71995,45.60875,-73.71909,45.60873
462,-73.74139,45.62196,-73.74057,45.62198
462,-73.75428,45.63420,-73.75368,45.63428
462,-73.66842,45.61081,-73.66765,45.61083
462,-73.77410,45.55634,-73.77375,45.55628
462,-73.80292,45.57402,-73.80251,45.57402	
462,-73.83575,45.56897,-73.83523,45.56900
462,-73.86671,45.55629,-73.86608,45.55638
462,-73.79271,45.61107,-73.79219,45.61109
462,-73.83910,45.61447,-73.83871,45.61439
462,-73.79816,45.63872,-73.79799,45.63884
462,-73.75511,45.66974,-73.75496,45.66990
462,-73.78926,45.68375,-73.78889,45.68396
462,-73.83415,45.64356,-73.83395,45.64343
462,-73.87009,45.66313,-73.87008,45.66314
462,-73.90162,45.68718,-73.90148,45.68730
462,-73.92764,45.70120,-73.92759,45.70159
462,-73.98312,45.62516,-73.98322,45.62560
462,-74.09110,45.71014,-74.09075,45.71016
462,-73.99675,45.78322,-73.99632,45.78327
505,-75.28074,45.55386,-75.28028,45.55397
505,-75.29282,45.54762,-75.29247,45.54772
505,-75.14292,45.43933,-75.14255,45.43945
505,-75.59457,45.44720,-75.59410,45.44744
505,-75.60931,45.44586,-75.60892,45.44593
505,-75.63158,45.44618,-75.63110,45.44626
505,-75.64726,45.45092,-75.64682,45.45089
505,-75.66293,45.45351,-75.66259,45.45356
505,-75.65758,45.45282,-75.65708,45.45280
505,-75.68333,45.44079,-75.68268,45.44063
505,-75.66221,45.43478,-75.66168,45.43480
505,-75.60081,45.41746,-75.60018,45.41742
505,-75.64325,45.39957,-75.64270,45.39977
505,-75.65315,45.38728,-75.65246,45.38732
505,-75.67256,45.38371,-75.67183,45.38380
505,-75.63765,45.34347,-75.63714,45.34363
505,-75.61322,45.37065,-75.61276,45.37097
505,-75.67424,45.35797,-75.67345,45.35824
505,-75.69170,45.34196,-75.69098,45.34223
505,-75.71887,45.36429,-75.71826,45.36453
505,-75.75726,45.34182,-75.75651,45.34210
505,-75.71010,45.32431,-75.70950,45.32478
505,-75.35629,45.36137,-75.35580,45.36135
505,-75.42712,45.42089,-75.42674,45.42102
505,-75.48843,45.46079,-75.48775,45.46094
505,-75.48005,45.47771,-75.47976,45.47781
505,-75.53094,45.46838,-75.53020,45.46862
505,-75.78847,45.34066,-75.78812,45.34097
505,-75.77130,45.36995,-75.77073,45.37023
505,-75.83388,45.32170,-75.83320,45.32210
505,-75.77828,45.32300,-75.77759,45.32325
505,-75.83425,45.35184,-75.83354,45.35216
505,-75.91833,45.27937,-75.91783,45.27940
505,-75.90989,45.24935,-75.90960,45.24950
505,-75.87347,45.29729,-75.87292,45.29725
505,-75.89910,45.30869,-75.89870,45.30886
505,-75.91072,45.32968,-75.90994,45.32982
505,-75.74669,45.27014,-75.74651,45.27057
505,-75.75826,45.27113,-75.75786,45.27167
505,-75.77808,45.27495,-75.77756,45.27500
505,-75.76479,45.28089,-75.76489,45.28126
505,-75.73162,45.29831,-75.73126,45.29859
505,-75.68397,45.22819,-75.68361,45.22838
505,-75.47312,45.23577,-75.47278,45.23590
505,-75.60730,45.13569,-75.60678,45.13593
505,-75.46247,45.16091,-75.46201,45.16082
505,-75.56922,45.25916,-75.56870,45.25929
505,-75.56515,45.43174,-75.56456,45.43172
505,-75.59476,45.49188,-75.59423,45.49202
505,-75.65197,45.49209,-75.65199,45.49219
505,-75.70103,45.48352,-75.70081,45.48373
505,-75.70072,45.46668,-75.70046,45.46682
505,-75.72511,45.47565,-75.72485,45.47585
505,-75.80978,45.18059,-75.80923,45.18042
505,-75.85797,45.18249,-75.85754,45.18245
505,-76.08775,45.41611,-76.08714,45.41633
505,-76.07760,45.48372,-76.07686,45.48387
505,-75.90415,45.45063,-75.90353,45.45069
505,-76.09604,45.37317,-76.09578,45.37315
505,-75.75064,45.39366,-75.74999,45.39381
505,-75.74019,45.39279,-75.73946,45.39288
505,-75.72988,45.40068,-75.72917,45.40078
505,-75.71955,45.40688,-75.71877,45.40704
505,-75.71437,45.39489,-75.71371,45.39502
505,-75.69033,45.40507,-75.68963,45.40514
505,-75.69013,45.41991,-75.68955,45.42002
505,-75.70544,45.40966,-75.70472,45.40968
505,-75.69311,45.42033,-75.69248,45.42039
505,-75.73378,45.37631,-75.73312,45.37637
505,-75.64144,45.43062,-75.64086,45.43071
505,-75.72226,45.43242,-75.72188,45.43241
505,-75.73394,45.42994,-75.73336,45.42984
505,-75.69117,45.40035,-75.69069,45.40041
505,-75.74506,45.44683,-75.74442,45.44686
505,-75.74174,45.46108,-75.74099,45.46096
505,-75.77197,45.46549,-75.77151,45.46538
505,-75.42344,45.57428,-75.42307,45.57433
505,-75.49362,45.52453,-75.49335,45.52459
505,-75.84795,45.39453,-75.84748,45.39478
505,-75.80559,45.38654,-75.80513,45.38670
505,-75.76261,45.42647,-75.76172,45.42654
505,-75.74568,45.49407,-75.74488,45.49441
505,-75.76933,45.51782,-75.76865,45.51786
505,-75.73936,45.12218,-75.73884,45.12227
505,-75.81367,45.62251,-75.81365,45.62250
521,-76.49125,44.23273,-76.49082,44.23288
521,-76.51403,44.23083,-76.51353,44.23099
521,-76.56991,44.21818,-76.56923,44.21840
521,-76.58266,44.22617,-76.58164,44.22630
521,-76.61121,44.25020,-76.61072,44.25019
521,-76.61082,44.24420,-76.61025,44.24410
521,-76.60725,44.26314,-76.60686,44.26330
521,-76.58371,44.25975,-76.58378,44.25975
521,-76.56911,44.25788,-76.56868,44.25837
521,-76.54235,44.25650,-76.54205,44.25712
521,-76.57520,44.23777,-76.57454,44.23759
521,-76.57486,44.24926,-76.57482,44.24976
521,-76.52974,44.23939,-76.52904,44.23954
521,-76.52559,44.22033,-76.52509,44.22045
521,-76.51988,44.25898,-76.51917,44.25898
521,-76.49591,44.24463,-76.49539,44.24468
521,-76.49923,44.26648,-76.49871,44.26637
521,-76.62997,44.29611,-76.62960,44.29613
521,-76.62251,44.40627,-76.62030,44.40653
521,-76.44676,44.34447,-76.44688,44.34447
522,-77.35978,44.17315,-77.35924,44.17325
522,-77.38159,44.16429,-77.38109,44.16437
522,-77.38749,44.16278,-77.38703,44.16290
522,-77.38920,44.17711,-77.38854,44.17730
522,-77.58234,44.10444,-77.58182,44.10468
522,-77.57688,44.10781,-77.57675,44.10810
522,-77.55261,44.11781,-77.55248,44.11792
529,-78.35803,44.27897,-78.35773,44.27902
529,-78.35073,44.29432,-78.35042,44.29440
529,-78.32677,44.27870,-78.32645,44.27877
529,-78.32307,44.28766,-78.32243,44.28768
529,-78.32799,44.29796,-78.32760,44.29797
529,-78.30582,44.30736,-78.30556,44.30740
529,-78.32860,44.31046,-78.32828,44.31060
529,-78.32570,44.32142,-78.32542,44.32151
529,-78.27381,44.42192,-78.27341,44.42212
532,-78.98649,43.87008,-78.98628,43.87009
532,-78.95232,43.87757,-78.95199,43.87767
532,-78.94035,43.89969,-78.94011,43.89976
532,-78.89868,43.88977,-78.89816,43.88984
532,-78.85188,43.87001,-78.85134,43.87005
532,-78.84931,43.88902,-78.84890,43.88914
532,-78.86183,43.89555,-78.86153,43.89560
532,-78.84745,43.90909,-78.84713,43.90934
532,-78.87163,43.91502,-78.87120,43.91512
532,-78.84981,43.93950,-78.84951,43.93960
532,-78.95362,43.95526,-78.95336,43.95532
532,-78.87716,43.95225,-78.87676,43.95227
532,-78.81372,43.90641,-78.81342,43.90655
532,-78.69392,43.91283,-78.69357,43.91288
532,-78.67075,43.91242,-78.67039,43.91248
532,-78.65874,43.98248,-78.65840,43.98250
532,-78.60156,43.91451,-78.60115,43.91460
532,-78.74300,43.96428,-78.74260,43.96439
532,-78.53245,43.93026,-78.53193,43.93039
535,-78.98650,43.87009,-78.98628,43.87009
535,-79.01852,43.84402,-79.01834,43.84402
535,-79.01486,43.83096,-79.01451,43.83101
535,-79.03093,43.84125,-79.03066,43.84126
535,-79.04052,43.86176,-79.04034,43.86181
535,-79.02368,43.88069,-79.02346,43.88069
535,-79.06295,43.87118,-79.06261,43.87112
535,-79.08285,43.81814,-79.08271,43.81818
535,-79.11480,43.84114,-79.11463,43.84120
535,-79.13687,43.81884,-79.13718,43.81862
535,-79.17048,43.85550,-79.17027,43.85551
535,-79.12128,43.80796,-79.12144,43.80774
535,-79.14129,43.78961,-79.14095,43.78967
535,-79.17102,43.78334,-79.17068,43.78331
535,-79.16920,43.80417,-79.16892,43.80423
535,-79.11931,44.10964,-79.11900,44.10975
535,-79.24922,43.97714,-79.24908,43.97707
535,-79.23230,43.97481,-79.23205,43.97465
535,-79.30735,43.97788,-79.30759,43.97748
535,-79.32491,44.05137,-79.32531,44.05109
535,-79.27629,44.10110,-79.27616,44.10123
535,-79.32820,44.22340,-79.32800,44.22334
535,-79.23674,44.32615,-79.23631,44.32620
535,-79.36264,44.30341,-79.36262,44.30342
535,-79.45002,44.23725,-79.44941,44.23701
535,-79.46616,44.23380,-79.46546,44.23356
535,-79.46535,44.21262,-79.46489,44.21230
535,-79.45570,44.15709,-79.45513,44.15695
535,-79.57039,44.11316,-79.57035,44.11306
535,-79.87644,44.15248,-79.87615,44.15253
535,-79.48311,44.06407,-79.48268,44.06431
535,-79.49088,44.09791,-79.49071,44.09789
535,-79.48075,44.05470,-79.48032,44.05481
535,-79.45935,44.05945,-79.45936,44.05952
535,-79.44484,44.06303,-79.44481,44.06285
535,-79.44307,44.05761,-79.44278,44.05750
535,-79.45425,44.06042,-79.45422,44.06065
535,-79.44274,44.07167,-79.44251,44.07164
535,-79.45462,44.05168,-79.45427,44.05165
535,-79.47866,44.04558,-79.47810,44.04538
535,-79.49578,44.04110,-79.49513,44.04079
535,-79.47639,44.03643,-79.47602,44.03625
535,-79.43754,44.03603,-79.43708,44.03596
535,-79.47002,44.00912,-79.46982,44.00898
535,-79.48711,43.99558,-79.48686,43.99549
535,-79.46786,43.99965,-79.46757,43.99965
535,-79.46480,43.98679,-79.46446,43.98669
535,-79.45926,43.96308,-79.45884,43.96303
535,-79.43568,43.96816,-79.43534,43.96798
535,-79.52857,43.92867,-79.52826,43.92874
535,-79.67348,43.88247,-79.67312,43.88260
535,-79.51390,43.83511,-79.51375,43.83521
535,-79.51244,43.85471,-79.51237,43.85488
535,-79.51667,43.87319,-79.51662,43.87333
535,-79.45883,43.84757,-79.45868,43.84771
535,-79.46301,43.86561,-79.46278,43.86588
535,-79.43769,43.87084,-79.43728,43.87128
535,-79.44202,43.88922,-79.44151,43.88960
535,-79.41559,43.87586,-79.41546,43.87605
535,-79.42545,43.89277,-79.42502,43.89316
535,-79.39102,43.86149,-79.39066,43.86160
535,-79.40882,43.84782,-79.40867,43.84797
535,-79.33886,43.87395,-79.33874,43.87397
535,-79.28925,43.88518,-79.28900,43.88520
535,-79.25984,43.87388,-79.25982,43.87389
535,-79.26449,43.89243,-79.26403,43.89195
535,-79.24663,43.88837,-79.24577,43.88812
535,-79.23874,43.89221,-79.23816,43.89170
535,-79.24396,43.87771,-79.24335,43.87790
535,-79.20432,43.90501,-79.20420,43.90464
535,-79.10530,43.91892,-79.10503,43.91927
535,-79.29460,43.84592,-79.29451,43.84583
535,-79.28750,43.82815,-79.28741,43.82824
535,-79.30370,43.86274,-79.30370,43.86274
535,-79.27762,43.80559,-79.27737,43.80568
535,-79.25814,43.80985,-79.25777,43.80996
535,-79.31614,43.79666,-79.31573,43.79671
535,-79.28851,43.78316,-79.28830,43.78331
535,-79.32325,43.77521,-79.32291,43.77529
535,-79.31696,43.82121,-79.31692,43.82136
535,-79.34887,43.81386,-79.34860,43.81399
535,-79.25933,43.78969,-79.25881,43.78971
535,-79.22215,43.80895,-79.22156,43.80919
535,-79.19998,43.80193,-79.19976,43.80202
535,-79.22481,43.80255,-79.22451,43.80249
535,-79.23904,43.79385,-79.23874,43.79387
535,-79.21773,43.79817,-79.21754,43.79817
535,-79.35371,43.93185,-79.35328,43.93187
535,-79.17663,43.77056,-79.17629,43.77065
535,-79.20223,43.75417,-79.20189,43.75426
535,-79.20592,43.76406,-79.20562,43.76404
535,-79.18388,43.76183,-79.18363,43.76190
535,-79.21926,43.74312,-79.21890,43.74318
535,-79.23273,43.72513,-79.23250,43.72524
535,-79.26318,43.73342,-79.26296,43.73346
535,-79.25556,43.75348,-79.25536,43.75350
535,-79.21895,43.76985,-79.21866,43.76981
535,-79.25190,43.77223,-79.25150,43.77205
535,-79.23543,43.75777,-79.23524,43.75774
535,-79.28505,43.74730,-79.28483,43.74752
535,-79.31378,43.72596,-79.31348,43.72608
535,-79.30992,43.74191,-79.30978,43.74215
535,-79.31562,43.75783,-79.31526,43.75789
535,-79.29166,43.76333,-79.29135,43.76343
535,-79.29625,43.70875,-79.29596,43.70877
535,-79.26165,43.71645,-79.26133,43.71652
535,-79.25538,43.70259,-79.25496,43.70274
535,-79.27499,43.68540,-79.27437,43.68541
535,-79.27687,43.69480,-79.27640,43.69477
535,-79.29017,43.67224,-79.28994,43.67214
535,-79.30821,43.67397,-79.30791,43.67393
535,-79.28938,43.69291,-79.28904,43.69289
535,-79.31306,43.68574,-79.31279,43.68574
535,-79.31760,43.69640,-79.31742,43.69642
535,-79.32824,43.67090,-79.32802,43.67092
535,-79.34036,43.66099,-79.34009,43.66106
535,-79.34257,43.67280,-79.34242,43.67293
535,-79.35554,43.68271,-79.35520,43.68281
535,-79.34193,43.69107,-79.34167,43.69117
535,-79.33420,43.68502,-79.33393,43.68508
535,-79.34385,43.70729,-79.34365,43.70751
535,-79.34281,43.70537,-79.34264,43.70540
535,-79.34152,43.70387,-79.34126,43.70397
535,-79.34381,43.70182,-79.34342,43.70178
535,-79.35027,43.70494,-79.34991,43.70504
535,-79.33472,43.70987,-79.33442,43.70998
535,-79.33908,43.72042,-79.33887,43.72060
535,-79.34365,43.73710,-79.34336,43.73714
535,-79.36013,43.75284,-79.35995,43.75295
535,-79.38568,43.75460,-79.38551,43.75481
535,-79.37152,43.75489,-79.37109,43.75505
535,-79.37694,43.75419,-79.37677,43.75439
535,-79.37796,43.75698,-79.37781,43.75718
535,-79.37210,43.75703,-79.37192,43.75741
535,-79.36150,43.75849,-79.36129,43.75870
535,-79.38830,43.76630,-79.38806,43.76663
535,-79.34747,43.77503,-79.34697,43.77512
535,-79.37160,43.77007,-79.37135,43.77032
535,-79.37071,43.75124,-79.37043,43.75142
535,-79.36660,43.73921,-79.36660,43.73921
535,-79.35317,43.78726,-79.35299,43.78734
535,-79.39645,43.74530,-79.39642,43.74548
535,-79.41107,43.76137,-79.41089,43.76155
535,-79.41558,43.77970,-79.41556,43.77973
535,-79.39657,43.80308,-79.39624,43.80324
535,-79.37082,43.82387,-79.37052,43.82398
535,-79.40191,43.82126,-79.40171,43.82122
535,-79.45002,43.81087,-79.44986,43.81087
535,-79.45829,43.80184,-79.45789,43.80201
535,-79.44331,43.77386,-79.44300,43.77385
535,-79.42025,43.79795,-79.42013,43.79801
535,-79.45980,43.75104,-79.45952,43.75110
535,-79.43685,43.74736,-79.43650,43.74728
535,-79.39229,43.78485,-79.39211,43.78499
535,-79.44599,43.79247,-79.44581,43.79247
535,-79.43212,43.72823,-79.43182,43.72821
535,-79.40261,43.72511,-79.40220,43.72510
535,-79.42589,43.70107,-79.42555,43.70100
535,-79.39878,43.70659,-79.39833,43.70672
535,-79.37758,43.71088,-79.37713,43.71100
535,-79.36102,43.70302,-79.36058,43.70313
535,-79.37209,43.69669,-79.37176,43.69678
535,-79.39445,43.68824,-79.39410,43.68813
535,-79.38679,43.67035,-79.38674,43.67024
535,-79.38524,43.66653,-79.38524,43.66653
535,-79.36966,43.66805,-79.36955,43.66816
535,-79.37376,43.66715,-79.37371,43.66729
535,-79.37233,43.66746,-79.37216,43.66762
535,-79.37505,43.66762,-79.37495,43.66771
535,-79.37638,43.67117,-79.37640,43.67126
535,-79.37384,43.67120,-79.37368,43.67131
535,-79.37447,43.66876,-79.37442,43.66887
535,-79.37102,43.67131,-79.37089,43.67140
535,-79.36806,43.66415,-79.36797,43.66426
535,-79.36710,43.66185,-79.36701,43.66194
535,-79.37690,43.66249,-79.37671,43.66242
535,-79.38314,43.66142,-79.38312,43.66136
535,-79.34538,43.66696,-79.34520,43.66707
535,-79.37947,43.65252,-79.37927,43.65246
535,-79.36446,43.65555,-79.36445,43.65560
535,-79.37338,43.65381,-79.37327,43.65371
535,-79.36068,43.65226,-79.36068,43.65241
535,-79.37156,43.64944,-79.37148,43.64946
535,-79.37720,43.67310,-79.37720,43.67310
535,-79.39651,43.64880,-79.39638,43.64875
535,-79.40789,43.65643,-79.40772,43.65645
535,-79.41859,43.66355,-79.41842,43.66358
535,-79.41497,43.67405,-79.41471,43.67396
535,-79.42349,43.67563,-79.42310,43.67558
535,-79.41983,43.68610,-79.41944,43.68602
535,-79.39698,43.69830,-79.39660,43.69832
535,-79.41622,43.70307,-79.41598,43.70303
535,-79.43603,43.67969,-79.43569,43.67959
535,-79.42113,43.68341,-79.42069,43.68312
535,-79.42939,43.68174,-79.42908,43.68161
535,-79.44101,43.69256,-79.44078,43.69254
535,-79.45285,43.68317,-79.45260,43.68321
535,-79.43746,43.69846,-79.43719,43.69848
535,-79.37148,43.66767,-79.37137,43.66783
535,-79.37527,43.66818,-79.37516,43.66828
535,-79.36320,43.66699,-79.36307,43.66709
535,-79.42487,43.64937,-79.42474,43.64943
535,-79.43565,43.64981,-79.43562,43.64989
535,-79.44092,43.63965,-79.44095,43.63974
535,-79.45251,43.65630,-79.45247,43.65631
535,-79.43548,43.65990,-79.43535,43.65988
535,-79.43721,43.66384,-79.43705,43.66385
535,-79.47668,43.65110,-79.47630,43.65117
535,-79.47840,43.64402,-79.47800,43.64408
535,-79.48038,43.66003,-79.48001,43.66007
535,-79.46496,43.66539,-79.46459,43.66542
535,-79.47644,43.67889,-79.47599,43.67888
535,-79.47420,43.69036,-79.47392,43.69043
535,-79.49224,43.61335,-79.49182,43.61329
535,-79.50565,43.63270,-79.50535,43.63276
535,-79.51318,43.59906,-79.51290,43.59909
535,-79.53424,43.59428,-79.53402,43.59436
535,-79.54628,43.60392,-79.54617,43.60391
535,-79.49975,43.61905,-79.49958,43.61907
535,-79.49373,43.63608,-79.49343,43.63615
535,-79.53565,43.64187,-79.53536,43.64181
535,-79.51162,43.64734,-79.51137,43.64740
535,-79.57524,43.63206,-79.57524,43.63206
535,-79.58222,43.64064,-79.58202,43.64068
535,-79.57285,43.65304,-79.57250,43.65303
535,-79.57998,43.65151,-79.57954,43.65149
535,-79.57810,43.64808,-79.57810,43.64808
535,-79.57913,43.64442,-79.57876,43.64440
535,-79.54932,43.64888,-79.54894,43.64881
535,-79.55561,43.65703,-79.55521,43.65706
535,-79.58350,43.65999,-79.58333,43.65995
535,-79.55110,43.67720,-79.55088,43.67722
535,-79.53159,43.66253,-79.53117,43.66244
535,-79.51654,43.65831,-79.51631,43.65829
535,-79.48859,43.65852,-79.48825,43.65847
535,-79.49571,43.65950,-79.49551,43.65963
535,-79.55895,43.69429,-79.55866,43.69428
535,-79.53302,43.69622,-79.53273,43.69618
535,-79.54838,43.69973,-79.54796,43.69973
535,-79.51666,43.70030,-79.51624,43.70013
535,-79.52251,43.70476,-79.52217,43.70466
535,-79.52688,43.68245,-79.52664,43.68237
535,-79.52464,43.67675,-79.52431,43.67700
535,-79.51262,43.68532,-79.51249,43.68547
535,-79.50899,43.68046,-79.50887,43.68079
535,-79.49398,43.67124,-79.49348,43.67108
535,-79.48290,43.66631,-79.48250,43.66633
535,-79.48051,43.67084,-79.48005,43.67079
535,-79.49833,43.68125,-79.49772,43.68111
535,-79.48449,43.68449,-79.48403,43.68424
535,-79.45068,43.69566,-79.45028,43.69571
535,-79.46743,43.69966,-79.46707,43.69973
535,-79.50205,43.69503,-79.50171,43.69486
535,-79.50415,43.70308,-79.50382,43.70291
535,-79.50582,43.70933,-79.50551,43.70926
535,-79.49029,43.71231,-79.49014,43.71235
535,-79.46998,43.71076,-79.46980,43.71080
535,-79.45495,43.71391,-79.45473,43.71397
535,-79.50978,43.72499,-79.50959,43.72495
535,-79.49330,43.73131,-79.49302,43.73142
535,-79.53264,43.73504,-79.53227,43.73499
535,-79.51344,43.73943,-79.51323,43.73943
535,-79.51593,43.74906,-79.51568,43.74909
535,-79.51070,43.74916,-79.51044,43.74922
535,-79.51364,43.75798,-79.51344,43.75801
535,-79.48672,43.74478,-79.48644,43.74485
535,-79.49129,43.76329,-79.49108,43.76342
535,-79.52168,43.77336,-79.52148,43.77339
535,-79.47044,43.78712,-79.47007,43.78725
535,-79.47284,43.79729,-79.47256,43.79731
535,-79.46713,43.76865,-79.46694,43.76885
535,-79.55841,43.72148,-79.55815,43.72151
535,-79.57271,43.72349,-79.57237,43.72344
535,-79.58279,43.74417,-79.58254,43.74415
535,-79.59192,43.73668,-79.59170,43.73678
535,-79.60144,43.73051,-79.60144,43.73051
535,-79.58714,43.75340,-79.58707,43.75359
535,-79.59049,43.76069,-79.59040,43.76077
535,-79.58872,43.75675,-79.58857,43.75679
535,-79.59458,43.74188,-79.59418,43.74194
535,-79.59874,43.75086,-79.59860,43.75090
535,-79.64785,43.70722,-79.64745,43.70757
535,-79.64751,43.69926,-79.64727,43.69953
535,-79.63182,43.71341,-79.63163,43.71358
535,-79.64224,43.72090,-79.64192,43.72111
535,-79.64336,43.73193,-79.64267,43.73199
535,-79.55256,43.74990,-79.55231,43.74996
535,-79.55622,43.78746,-79.55598,43.78770
535,-79.56267,43.79534,-79.56273,43.79556
535,-79.57586,43.79457,-79.57589,43.79474
535,-79.56468,43.80531,-79.56469,43.80532
535,-79.61066,43.78274,-79.61056,43.78294
535,-79.62050,43.79277,-79.62014,43.79297
535,-79.60608,43.81551,-79.60593,43.81571
535,-79.58648,43.83947,-79.58635,43.83969
535,-79.55650,43.82610,-79.55625,43.82623
535,-79.60289,43.62251,-79.60256,43.62255
535,-79.59114,43.63328,-79.59090,43.63324
535,-79.58790,43.62323,-79.58770,43.62317
535,-79.61234,43.61396,-79.61205,43.61385
535,-79.59381,43.60079,-79.59350,43.60059
535,-79.58415,43.60937,-79.58382,43.60936
535,-79.56652,43.56998,-79.56627,43.56981
535,-79.58441,43.55321,-79.58411,43.55303
535,-79.61652,43.58033,-79.61642,43.58026
535,-79.60759,43.57400,-79.60758,43.57401
535,-79.63539,43.59362,-79.63505,43.59378
535,-79.65334,43.60673,-79.65294,43.60677
535,-79.62658,43.59113,-79.62624,43.59111
535,-79.61908,43.60795,-79.61871,43.60789
535,-79.60911,43.55850,-79.60874,43.55834
535,-79.63301,43.56619,-79.63285,43.56606
535,-79.66970,43.56367,-79.66946,43.56376
535,-79.64887,43.55217,-79.64878,43.55180
535,-79.64301,43.55744,-79.64280,43.55738
535,-79.65350,43.55544,-79.65350,43.55544
535,-79.65786,43.55861,-79.65783,43.55870
535,-79.66170,43.57086,-79.66148,43.57079
535,-79.65077,43.56281,-79.65059,43.56286
535,-79.69726,43.58673,-79.69726,43.58673
535,-79.68569,43.57777,-79.68508,43.57784
535,-79.66952,43.59231,-79.66906,43.59231
535,-79.71212,43.59772,-79.71203,43.59763
535,-79.70721,43.55869,-79.70654,43.55891
535,-79.73388,43.57870,-79.73326,43.57863
535,-79.72340,43.55302,-79.72285,43.55293
535,-79.73383,43.56105,-79.73359,43.56091
535,-79.75012,43.56447,-79.74942,43.56443
535,-79.75908,43.57925,-79.75856,43.57925
535,-79.76347,43.57414,-79.76270,43.57405
535,-79.75862,43.56431,-79.75776,43.56429
535,-79.77166,43.58842,-79.77108,43.58829
535,-79.77691,43.58404,-79.77636,43.58386
535,-79.79109,43.57740,-79.79050,43.57700
535,-79.78268,43.59622,-79.78207,43.59607
535,-79.72220,43.63204,-79.72213,43.63211
535,-79.75476,43.64693,-79.75448,43.64675
535,-79.74417,43.65668,-79.74371,43.65648
535,-79.73349,43.66622,-79.73310,43.66602
535,-79.72297,43.67590,-79.72263,43.67568
535,-79.77105,43.67634,-79.77071,43.67616
535,-79.75407,43.68150,-79.75367,43.68127
535,-79.74960,43.69582,-79.74939,43.69567
535,-79.73484,43.68471,-79.73451,43.68449
535,-79.72696,43.67428,-79.72674,43.67408
535,-79.80301,43.64727,-79.80272,43.64722
535,-79.79790,43.69599,-79.79762,43.69602
535,-79.78707,43.70580,-79.78670,43.70587
535,-79.77697,43.71585,-79.77654,43.71596
535,-79.79385,43.72809,-79.79320,43.72820
535,-79.80361,43.71773,-79.80299,43.71780
535,-79.81490,43.74356,-79.81437,43.74365
535,-79.82542,43.73354,-79.82493,43.73372
535,-79.72840,43.71485,-79.72794,43.71487
535,-79.71739,43.72449,-79.71739,43.72449
535,-79.70548,43.71563,-79.70531,43.71544
535,-79.70123,43.71982,-79.70154,43.71999
535,-79.69054,43.70488,-79.69054,43.70488
535,-79.67980,43.71453,-79.67980,43.71453
535,-79.71617,43.70593,-79.71607,43.70588
535,-79.73747,43.87892,-79.73730,43.87891
535,-79.75925,43.87771,-79.75901,43.87775
535,-79.85144,43.85831,-79.85116,43.85828
535,-79.75528,43.73484,-79.75485,43.73475
535,-79.74442,43.74450,-79.74423,43.74437
535,-79.73457,43.75421,-79.73386,43.75434
535,-79.72085,43.74426,-79.72021,43.74417
535,-79.70698,43.73419,-79.70677,43.73404
535,-79.73043,43.73408,-79.73013,43.73398
535,-79.74333,43.72574,-79.74216,43.72531
535,-79.73434,43.71928,-79.73400,43.71930
535,-79.75925,43.70285,-79.75876,43.70269
535,-79.76717,43.70857,-79.76652,43.70839
535,-79.77087,43.68813,-79.77044,43.68801
535,-79.72705,43.72443,-79.72684,43.72441
535,-79.80379,43.75258,-79.80325,43.75284
535,-80.00021,43.86437,-79.99993,43.86455
535,-80.10800,43.91684,-80.10800,43.91684
535,-79.97986,43.74193,-79.97968,43.74233
535,-80.04174,43.62960,-80.04147,43.62969
535,-80.01793,43.64695,-80.01765,43.64699
535,-79.91075,43.65536,-79.91054,43.65545
535,-79.93232,43.63604,-79.93204,43.63622
535,-79.90394,43.65023,-79.90357,43.65028
535,-79.86034,43.64650,-79.86012,43.64657
535,-79.73801,43.38133,-79.73779,43.38153
535,-79.70671,43.41038,-79.70628,43.41052
535,-79.67655,43.44063,-79.67627,43.44071
535,-79.66326,43.45029,-79.66312,43.45052
535,-79.66098,43.48131,-79.66074,43.48139
535,-79.72278,43.44209,-79.72278,43.44209
535,-79.74297,43.43741,-79.74297,43.43741
535,-79.71161,43.46634,-79.71146,43.46650
535,-79.72959,43.47917,-79.72925,43.47915
535,-79.69556,43.48074,-79.69544,43.48066
535,-79.62795,43.48329,-79.62774,43.48338
535,-79.64805,43.49798,-79.64774,43.49798
535,-79.63360,43.51345,-79.63317,43.51356
535,-79.62139,43.51890,-79.62105,43.51912
535,-79.59363,43.55038,-79.59348,43.55024
535,-79.61850,43.54499,-79.61830,43.54510
535,-79.66640,43.53692,-79.66620,43.53686
535,-79.68192,43.52279,-79.68174,43.52279
535,-79.69312,43.53089,-79.69279,43.53087
535,-79.68389,43.54632,-79.68318,43.54648
535,-79.70052,43.53629,-79.70006,43.53632
535,-79.68034,43.54403,-79.67973,43.54412
535,-79.85134,43.51629,-79.85094,43.51628
535,-79.86180,43.50642,-79.86156,43.50654
535,-79.87613,43.51707,-79.87593,43.51715
535,-79.88874,43.52644,-79.88846,43.52648
535,-79.88775,43.50643,-79.88752,43.50646
535,-79.86714,43.52806,-79.86693,43.52810
535,-79.83772,43.50641,-79.83764,43.50650
535,-79.82701,43.51614,-79.82698,43.51618
535,-79.83519,43.53073,-79.83519,43.53073
535,-80.00881,43.50550,-80.00862,43.50555
535,-79.83655,43.95085,-79.83632,43.95086
550,-80.25492,43.54777,-80.25429,43.54760
550,-80.24837,43.56877,-80.24770,43.56888
550,-80.22447,43.55195,-80.22386,43.55195
550,-80.22527,43.52667,-80.22470,43.52667
550,-80.18950,43.50025,-80.18900,43.50028
550,-80.25072,43.51931,-80.25001,43.51928
550,-80.20774,43.53987,-80.20712,43.53984
550,-80.27407,43.53264,-80.27355,43.53260
550,-80.28946,43.54353,-80.28874,43.54347
550,-80.26889,43.55850,-80.26829,43.55837
550,-80.23314,43.53224,-80.23259,43.53214
550,-80.26056,43.57766,-80.25988,43.57776
550,-80.24293,43.51340,-80.24239,43.51347
550,-80.22148,43.51379,-80.22062,43.51392
550,-80.26853,43.53974,-80.26796,43.53968
550,-80.22117,43.58063,-80.22035,43.58081
550,-80.22591,43.60788,-80.22562,43.60768
537,-79.75417,43.36726,-79.75368,43.36726
537,-79.77000,43.35276,-79.76951,43.35280
537,-79.77751,43.34579,-79.77742,43.34558
537,-79.78556,43.33846,-79.78533,43.33828
537,-79.79499,43.34537,-79.79449,43.34519
537,-79.80195,43.34005,-79.80159,43.33985
537,-79.80995,43.33426,-79.81007,43.33410
537,-79.79762,43.32567,-79.79768,43.32556
537,-79.79269,43.33185,-79.79264,43.33167
537,-79.80923,43.32095,-79.80934,43.32073
537,-79.83276,43.32194,-79.83259,43.32181
537,-79.82077,43.31363,-79.82083,43.31358
537,-79.81893,43.36228,-79.81825,43.36228
537,-79.82294,43.36480,-79.82213,43.36470
537,-79.84078,43.37759,-79.83979,43.37775
537,-79.84434,43.35763,-79.84434,43.35763
537,-79.90448,43.33715,-79.90422,43.33722
537,-79.84477,43.31294,-79.84465,43.31289
537,-79.90409,43.30206,-79.90392,43.30234
537,-79.95957,43.41728,-79.95932,43.41727
537,-79.80645,43.37926,-79.80601,43.37914
537,-79.79057,43.40153,-79.79031,43.40174
537,-79.79956,43.40786,-79.79946,43.40795
537,-79.77470,43.40838,-79.77470,43.40838
537,-79.82331,43.35080,-79.82304,43.35102
537,-79.86515,43.26627,-79.86484,43.26646
537,-79.84777,43.25566,-79.84736,43.25581
537,-79.83027,43.24537,-79.82990,43.24500
537,-79.82841,43.24972,-79.82790,43.24992
537,-79.82032,43.24247,-79.81978,43.24257
537,-79.81835,43.24757,-79.81777,43.24749
537,-79.80816,43.24626,-79.80755,43.24603
537,-79.79321,43.23448,-79.79291,43.23445
537,-79.78744,43.24863,-79.78699,43.24839
537,-79.80486,43.22653,-79.80446,43.22678
537,-79.80069,43.23673,-79.80035,43.23666
537,-79.81444,43.23086,-79.81390,43.23101
537,-79.87877,43.24745,-79.87819,43.24763
537,-79.88830,43.24965,-79.88801,43.24991
537,-79.88522,43.25684,-79.88497,43.25707
537,-79.87906,43.25922,-79.87880,43.25936
537,-79.88801,43.26213,-79.88797,43.26220
537,-79.87760,43.26275,-79.87722,43.26281
537,-79.86759,43.26048,-79.86730,43.26074
537,-79.86013,43.25252,-79.85961,43.25274
537,-79.85015,43.25006,-79.84977,43.25025
537,-79.84047,43.24775,-79.83999,43.24773
537,-79.83564,43.25948,-79.83486,43.25948
537,-79.84543,43.26154,-79.84481,43.26183
537,-79.77443,43.23008,-79.77395,43.23003
537,-79.76090,43.23742,-79.76048,43.23685
537,-79.74421,43.22323,-79.74411,43.22340
537,-79.75832,43.21685,-79.75805,43.21699
537,-79.72975,43.22979,-79.72960,43.22995
537,-79.72354,43.21814,-79.72338,43.21826
537,-79.70450,43.21320,-79.70378,43.21340
537,-79.70049,43.22206,-79.70028,43.22239
537,-79.73414,43.24548,-79.73397,43.24559
537,-79.68289,43.21004,-79.68252,43.21042
537,-79.62249,43.22549,-79.62232,43.22589
537,-79.63115,43.20603,-79.63102,43.20618
537,-79.90275,43.25875,-79.90241,43.25915
537,-79.95767,43.26526,-79.95731,43.26547
537,-79.94379,43.26184,-79.94359,43.26212
537,-79.94646,43.27074,-79.94625,43.27100
537,-79.96857,43.26997,-79.96833,43.27019
537,-79.96871,43.26011,-79.96852,43.26029
537,-80.05273,43.33342,-80.05256,43.33345
537,-80.03229,43.39702,-80.03216,43.39710
537,-80.20062,43.33208,-80.20062,43.33208
537,-79.98263,43.20163,-79.98244,43.20174
537,-79.98717,43.21983,-79.98691,43.21984
537,-79.95770,43.20569,-79.95753,43.20580
537,-79.91144,43.23325,-79.91172,43.23317
537,-79.88593,43.21832,-79.88584,43.21875
537,-79.87606,43.21600,-79.87593,43.21633
537,-79.86633,43.21371,-79.86583,43.21395
537,-79.83745,43.20672,-79.83722,43.20705
537,-79.87770,43.23731,-79.87779,43.23767
537,-79.85805,43.23224,-79.85792,43.23264
537,-79.83922,43.22770,-79.83895,43.22803
537,-79.83336,43.21636,-79.83322,43.21670
537,-79.85207,43.22110,-79.85189,43.22132
537,-79.85033,43.20116,-79.85038,43.20147
537,-79.87347,43.19711,-79.87317,43.19761
537,-79.85374,43.19252,-79.85387,43.19277
537,-79.86970,43.20579,-79.86937,43.20613
537,-79.88942,43.21084,-79.88919,43.21112
537,-79.89354,43.20259,-79.89327,43.20256
537,-79.92764,43.21016,-79.92746,43.21018
537,-79.90819,43.21581,-79.90839,43.21587
537,-79.91836,43.21855,-79.91844,43.21846
537,-79.89800,43.23810,-79.89857,43.23826
537,-79.90931,43.23765,-79.90973,43.23750
537,-79.82297,43.21389,-79.82226,43.21411
537,-79.82602,43.20513,-79.82609,43.20536
537,-79.81976,43.22281,-79.81937,43.22320
537,-79.79445,43.21447,-79.79470,43.21434
537,-79.78277,43.20966,-79.78273,43.20961
537,-79.76406,43.22871,-79.76395,43.22866
537,-79.73814,43.21157,-79.73789,43.21193
537,-79.52196,43.19223,-79.52178,43.19226
537,-79.55639,43.19101,-79.55612,43.19109
537,-79.57606,43.19737,-79.57578,43.19744
537,-79.82897,43.12625,-79.82879,43.12637
537,-79.74822,43.12755,-79.74799,43.12772
537,-79.77677,43.17310,-79.77661,43.17323
537,-79.78337,43.18351,-79.78323,43.18380
537,-79.81658,43.19066,-79.81623,43.19092
537,-79.78443,43.18880,-79.78401,43.18905
537,-79.78877,43.19428,-79.78847,43.19474
537,-79.80015,43.20381,-79.80012,43.20398
537,-79.96551,43.12510,-79.96495,43.12517
537,-79.95422,43.15023,-79.95399,43.15039
537,-79.93781,43.18722,-79.93761,43.18732
537,-80.07761,43.20458,-80.07745,43.20475
537,-80.15147,43.19253,-80.15142,43.19263
537,-80.03291,43.26716,-80.03245,43.26726
539,-79.47655,43.16572,-79.47643,43.16579
539,-79.27637,43.15501,-79.27619,43.15525
539,-79.28837,43.19006,-79.28837,43.19021
539,-79.25200,43.19043,-79.25198,43.19065
539,-79.24187,43.19399,-79.24162,43.19409
539,-79.23146,43.19757,-79.23133,43.19762
539,-79.23185,43.20721,-79.23168,43.20721
539,-79.25251,43.19987,-79.25253,43.20008
539,-79.23123,43.18814,-79.23093,43.18826
539,-79.23079,43.17862,-79.23055,43.17876
539,-79.21600,43.18394,-79.21574,43.18405
539,-79.21648,43.19339,-79.21628,43.19349
539,-79.24067,43.16553,-79.24032,43.16578
539,-79.25069,43.16196,-79.25054,43.16210
539,-79.25113,43.17000,-79.25094,43.17017
539,-79.23035,43.16556,-79.22994,43.16574
539,-79.21152,43.20490,-79.21152,43.20490
539,-79.20111,43.19879,-79.20093,43.19891
539,-79.21711,43.21484,-79.21711,43.21484
539,-79.27117,43.16327,-79.27105,43.16349
539,-79.26023,43.14464,-79.25998,43.14499
539,-79.25949,43.13026,-79.25935,43.13047
539,-79.20382,43.13159,-79.20359,43.13165
539,-79.20267,43.11585,-79.20237,43.11599
539,-79.24001,43.14501,-79.23960,43.14504
539,-79.21186,43.12860,-79.21163,43.12872
539,-79.24311,43.13477,-79.24278,43.13487
539,-79.38770,43.14920,-79.38743,43.14926
539,-79.38966,43.09580,-79.38943,43.09584
539,-79.45121,42.96153,-79.45084,42.96161
539,-79.25319,42.88704,-79.25301,42.88717
539,-79.25631,42.89874,-79.25601,42.89887
539,-79.22446,42.90095,-79.22432,42.90107
539,-79.24623,42.97465,-79.24599,42.97467
539,-79.24687,42.98392,-79.24668,42.98406
539,-79.24692,42.98825,-79.24665,42.98833
539,-79.24178,42.99501,-79.24153,42.99518
539,-79.26010,43.00364,-79.25994,43.00374
539,-79.27030,43.00363,-79.27007,43.00373
539,-79.31108,43.01578,-79.31089,43.01586
539,-79.29069,43.01610,-79.29049,43.01609
539,-79.27034,42.99440,-79.27008,42.99451
539,-79.25544,42.98969,-79.25524,42.98979
539,-79.23118,42.98398,-79.23098,42.98418
539,-79.04981,42.89414,-79.04951,42.89433
539,-78.98085,42.90415,-78.98048,42.90427
539,-78.94042,42.90532,-78.94027,42.90533
539,-78.91917,42.91668,-78.91889,42.91673
539,-78.91926,42.93144,-78.91903,42.93150
539,-79.11545,42.96315,-79.11509,42.96321
539,-79.16891,42.95943,-79.16871,42.95957
539,-79.17528,43.06938,-79.17504,43.06951
539,-79.13595,43.06983,-79.13540,43.06995
539,-79.09738,43.07076,-79.09701,43.07088
539,-79.08441,43.07914,-79.08402,43.07926
539,-79.08531,43.08947,-79.08492,43.08961
539,-79.12367,43.08903,-79.12323,43.08903
539,-79.13790,43.11429,-79.13741,43.11427
539,-79.11225,43.11481,-79.11185,43.11504
539,-79.12067,43.11458,-79.12014,43.11480
539,-79.31126,43.04334,-79.31100,43.04343
539,-79.26787,43.04058,-79.26761,43.04074
539,-79.10006,43.08937,-79.09967,43.08946
539,-79.08617,43.10436,-79.08580,43.10440
539,-79.07331,43.09846,-79.07296,43.09851
539,-79.07374,43.10858,-79.07331,43.10858
539,-79.08910,43.11553,-79.08861,43.11552
539,-79.11272,43.12251,-79.11228,43.12252
539,-79.11339,43.13749,-79.11295,43.13744
539,-79.11093,43.21069,-79.11076,43.21076
539,-79.07321,43.25248,-79.07312,43.25255
539,-79.02920,42.96745,-79.02920,42.96745
543,-80.26942,43.14020,-80.26907,43.14027
543,-80.24796,43.13957,-80.24777,43.13957
543,-80.25931,43.14247,-80.25919,43.14248
543,-80.25227,43.14931,-80.25194,43.14929
543,-80.23994,43.15515,-80.23947,43.15511
543,-80.23615,43.14171,-80.23597,43.14165
543,-80.23210,43.04879,-80.23194,43.04872
543,-80.27517,43.12476,-80.27509,43.12478
543,-80.28302,43.14440,-80.28278,43.14445
543,-80.27702,43.15287,-80.27676,43.15300
543,-80.27594,43.16739,-80.27558,43.16732
543,-80.25170,43.16460,-80.25151,43.16460
543,-80.24828,43.17224,-80.24803,43.17240
543,-80.26710,43.17866,-80.26689,43.17876
543,-80.28201,43.18588,-80.28180,43.18603
543,-80.38695,43.20503,-80.38681,43.20516
541,-80.32375,43.35241,-80.32361,43.35246
541,-80.30961,43.36206,-80.30957,43.36206
541,-80.29966,43.35618,-80.29955,43.35612
541,-80.29183,43.35746,-80.29205,43.35741
541,-80.29638,43.35671,-80.29653,43.35662
541,-80.30088,43.34103,-80.30076,43.34105
541,-80.30026,43.34797,-80.30026,43.34797
541,-80.29278,43.34769,-80.29301,43.34774
541,-80.30285,43.37050,-80.30285,43.37050
541,-80.31845,43.37701,-80.31859,43.37714
541,-80.29922,43.38055,-80.29906,43.38052
541,-80.30896,43.42992,-80.30885,43.42998
541,-80.31037,43.42130,-80.31032,43.42141
541,-80.34190,43.38769,-80.34190,43.38757
541,-80.35580,43.39451,-80.35571,43.39445
541,-80.36172,43.39872,-80.36156,43.39881
541,-80.45128,43.28527,-80.45105,43.28537
541,-80.45280,43.36293,-80.45268,43.36299
541,-80.50681,43.35338,-80.50595,43.35383
541,-80.56123,43.42023,-80.56067,43.42048
541,-80.62620,43.47976,-80.62620,43.47976
541,-80.44743,43.39899,-80.44710,43.39911
541,-80.44419,43.39393,-80.44419,43.39393
541,-80.44073,43.39173,-80.44046,43.39175
541,-80.41841,43.38849,-80.41802,43.38868
541,-80.47524,43.40665,-80.47494,43.40684
541,-80.46113,43.41001,-80.46118,43.41011
541,-80.51401,43.41919,-80.51401,43.41919
541,-80.49968,43.41136,-80.49968,43.41125
541,-80.47939,43.43446,-80.47904,43.43453
541,-80.49176,43.42652,-80.49176,43.42652
541,-80.50614,43.43521,-80.50602,43.43518
541,-80.52350,43.42865,-80.52353,43.42873
541,-80.51463,43.44206,-80.51451,43.44214
541,-80.54514,43.44408,-80.54514,43.44408
541,-80.55347,43.45245,-80.55347,43.45245
541,-80.56042,43.43695,-80.56017,43.43710
541,-80.53850,43.44060,-80.53850,43.44060
541,-80.54426,43.42502,-80.54408,43.42519
541,-80.52996,43.41994,-80.52968,43.41984
541,-80.45988,43.42456,-80.45971,43.42444
541,-80.45308,43.42691,-80.45291,43.42684
541,-80.45778,43.42869,-80.45766,43.42877
541,-80.46292,43.44013,-80.46292,43.44013
541,-80.41563,43.42469,-80.41554,43.42464
541,-80.42882,43.43372,-80.42880,43.43358
541,-80.44231,43.44350,-80.44242,43.44329
541,-80.44071,43.45242,-80.44058,43.45218
541,-80.43327,43.45536,-80.43306,43.45516
541,-80.45983,43.44825,-80.45953,43.44826
541,-80.45378,43.45827,-80.45351,43.45836
541,-80.45660,43.46655,-80.45660,43.46655
541,-80.49489,43.44420,-80.49489,43.44420
541,-80.49055,43.44835,-80.49043,43.44852
541,-80.48203,43.44901,-80.48182,43.44928
541,-80.49383,43.45464,-80.49371,43.45482
541,-80.47056,43.44048,-80.47056,43.44048
541,-80.47989,43.44415,-80.47966,43.44435
541,-80.48302,43.45821,-80.48252,43.45859
541,-80.49002,43.46331,-80.48949,43.46372
541,-80.50033,43.45990,-80.50028,43.46010
541,-80.50800,43.46027,-80.50797,43.46044
541,-80.51779,43.45697,-80.51765,43.45710
541,-80.51984,43.45090,-80.51962,43.45098
541,-80.50325,43.45424,-80.50305,43.45438
541,-80.52384,43.45938,-80.52379,43.45949
541,-80.53219,43.46151,-80.53195,43.46147
541,-80.53797,43.47109,-80.53787,43.47090
541,-80.56629,43.46752,-80.56615,43.46763
541,-80.54444,43.48546,-80.54456,43.48552
541,-80.56659,43.48968,-80.56648,43.48976
541,-80.54948,43.49590,-80.54942,43.49592
541,-80.57321,43.49836,-80.57309,43.49858
541,-80.51903,43.46568,-80.51903,43.46568
541,-80.52349,43.46979,-80.52356,43.46970
541,-80.52581,43.46822,-80.52592,43.46811
541,-80.52374,43.47127,-80.52394,43.47135
541,-80.52603,43.48182,-80.52619,43.48194
541,-80.51284,43.49280,-80.51272,43.49292
541,-80.53352,43.50155,-80.53320,43.50170
541,-80.50431,43.49856,-80.50414,43.49873
541,-80.46805,43.48447,-80.46782,43.48447
541,-80.46858,43.45382,-80.46821,43.45410
541,-80.42309,43.47948,-80.42240,43.47928
541,-80.40045,43.49535,-80.40022,43.49575
541,-80.56179,43.58419,-80.56221,43.58420
541,-80.56370,43.59224,-80.56426,43.59250
541,-80.56018,43.60187,-80.56066,43.60232
541,-80.60234,43.61885,-80.60276,43.61918
541,-80.46959,43.55842,-80.46948,43.55872
555,-81.21451,42.66493,-81.21469,42.66468
555,-81.07862,42.70233,-81.07872,42.70254
555,-81.17915,42.74942,-81.17911,42.74954
555,-81.17659,42.76389,-81.17624,42.76413
555,-81.15622,42.76344,-81.15593,42.76342
555,-81.16694,42.76361,-81.16670,42.76378
555,-81.16324,42.77005,-81.16291,42.77023
555,-81.17573,42.77869,-81.17544,42.77878
555,-81.19133,42.77784,-81.19111,42.77792
555,-81.18916,42.78811,-81.18899,42.78820
555,-81.17899,42.78836,-81.17851,42.78846
555,-81.20192,42.77798,-81.20178,42.77812
555,-81.21428,42.77807,-81.21416,42.77824
555,-81.21001,42.84705,-81.20977,42.84705
555,-81.08851,42.88401,-81.08825,42.88411
555,-81.05858,42.98858,-81.05858,42.98858
555,-81.27636,42.91531,-81.27608,42.91549
555,-81.41086,42.90729,-81.41086,42.90729
555,-81.43178,42.94497,-81.43132,42.94502
555,-81.42943,43.06532,-81.42943,43.06532
555,-81.18655,43.08969,-81.18655,43.08969
555,-81.39217,42.99167,-81.39165,42.99172
555,-81.33148,42.95304,-81.33112,42.95315
555,-81.29104,42.95388,-81.29059,42.95419
555,-81.28931,42.94686,-81.28889,42.94709
555,-81.29294,42.93789,-81.29270,42.93808
555,-81.29690,42.94054,-81.29643,42.94098
555,-81.27518,42.95596,-81.27515,42.95617
555,-81.27489,42.94751,-81.27497,42.94775
555,-81.28146,42.93881,-81.28142,42.93910
555,-81.28327,42.94179,-81.28310,42.94219
555,-81.26595,42.94006,-81.26652,42.94011
555,-81.27238,42.93954,-81.27245,42.93969
555,-81.25855,42.94744,-81.25829,42.94747
555,-81.26069,42.95671,-81.26052,42.95688
555,-81.26178,42.96922,-81.26178,42.96922
555,-81.26235,42.97706,-81.26235,42.97706
555,-81.23659,42.94251,-81.23659,42.94251
555,-81.23785,42.94664,-81.23783,42.94674
555,-81.24776,42.94692,-81.24781,42.94721
555,-81.25201,42.94126,-81.25201,42.94126
555,-81.24167,42.95778,-81.24167,42.95778
555,-81.23014,42.95837,-81.23014,42.95837
555,-81.23825,42.96941,-81.23825,42.96941
555,-81.22590,42.94334,-81.22578,42.94358
555,-81.20863,42.93561,-81.20856,42.93596
555,-81.21423,42.94436,-81.21454,42.94445
555,-81.20496,42.94523,-81.20465,42.94532
555,-81.19732,42.95337,-81.19725,42.95348
555,-81.20121,42.96328,-81.20107,42.96342
555,-81.20809,42.96630,-81.20809,42.96630
555,-81.23012,42.98501,-81.23012,42.98501
555,-81.24559,42.99180,-81.24553,42.99173
555,-81.25440,43.00858,-81.25424,43.00853
555,-81.23449,43.00091,-81.23460,43.00087
555,-81.22386,43.01735,-81.22388,43.01743
555,-81.21569,43.01968,-81.21550,43.01987
555,-81.20963,43.00826,-81.20947,43.00831
555,-81.22768,43.02000,-81.22768,43.02000
555,-81.24577,43.01758,-81.24594,43.01759
555,-81.20854,43.02192,-81.20854,43.02192
555,-81.18782,43.02808,-81.18773,43.02793
555,-81.19856,42.98589,-81.19856,42.98589
555,-81.16972,42.99252,-81.16984,42.99249
555,-81.18168,43.01644,-81.18161,43.01628
555,-81.16606,42.99830,-81.16610,42.99838
555,-81.18980,43.00097,-81.18979,43.00083
555,-81.22350,42.93450,-81.22350,42.93450
555,-81.23749,42.93608,-81.23723,42.93622
555,-81.23879,42.93935,-81.23848,42.93924
555,-81.23652,42.93414,-81.23649,42.93424
555,-81.23533,42.92504,-81.23559,42.92528
555,-81.24799,42.92301,-81.24788,42.92327
555,-81.16134,42.97634,-81.16134,42.97634
555,-81.27643,42.98872,-81.27631,42.98869
555,-81.32049,42.97584,-81.32049,42.97584
555,-81.31497,42.96401,-81.31462,42.96410
555,-81.29285,42.98391,-81.29262,42.98386
555,-81.30450,43.00681,-81.30428,43.00687
555,-81.33817,43.01048,-81.33803,43.01048
555,-81.28268,43.02671,-81.28268,43.02671
555,-81.25479,43.03491,-81.25479,43.03491
555,-81.33149,43.12151,-81.33149,43.12151
562,-82.23873,42.81124,-82.23805,42.81090
562,-82.42858,42.81462,-82.42852,42.81468
562,-82.44002,42.86317,-82.43977,42.86383
562,-82.44524,42.88844,-82.44514,42.88847
562,-82.44830,42.91230,-82.44810,42.91243
562,-82.42543,42.91222,-82.42494,42.91225
562,-82.37686,42.93579,-82.37657,42.93611
562,-82.23373,42.93261,-82.23373,42.93261
562,-82.39178,42.96840,-82.39168,42.96852
562,-82.39066,42.98542,-82.39040,42.98532
562,-82.36714,42.96824,-82.36702,42.96821
562,-82.37634,42.96826,-82.37620,42.96838
562,-82.37598,42.97829,-82.37589,42.97808
562,-82.36680,42.97931,-82.36671,42.97893
562,-82.36650,42.98707,-82.36628,42.98703
562,-82.36538,43.01064,-82.36524,43.01047
562,-82.37487,43.00806,-82.37461,43.00800
562,-82.39593,42.99744,-82.39593,42.99744
562,-82.40916,43.00111,-82.40916,43.00111
562,-82.34319,43.00297,-82.34319,43.00297
562,-82.27603,43.02918,-82.27484,43.02929
562,-82.23066,43.03520,-82.23012,43.03520
562,-82.34255,43.01823,-82.34255,43.01823
559,-82.86921,42.31066,-82.86921,42.31066
559,-82.88714,42.31911,-82.88819,42.31932
559,-82.89464,42.32518,-82.89431,42.32539
559,-82.92286,42.29971,-82.92286,42.29971
559,-82.91731,42.31529,-82.91719,42.31557
559,-82.91316,42.30508,-82.91303,42.30518
559,-82.91612,42.31014,-82.91603,42.31042
559,-82.93182,42.31387,-82.93190,42.31419
559,-82.94012,42.32694,-82.94005,42.32722
559,-82.95388,42.33013,-82.95381,42.33026
559,-82.96571,42.3078,-82.96593,42.30776
559,-82.97292,42.31910,-82.97330,42.31928
559,-82.97677,42.32678,-82.97743,42.32698
559,-82.98032,42.30504,-82.98032,42.30504
559,-82.99424,42.31230,-82.99424,42.31230
559,-83.00188,42.32437,-83.00188,42.32437
559,-83.01694,42.31907,-83.01685,42.31910
559,-83.02290,42.31291,-83.02277,42.31289
559,-83.03030,42.30571,-83.03020,42.30573
559,-83.05843,42.30660,-83.05804,42.30665
559,-83.06014,42.28993,-83.05957,42.29017
559,-83.06003,42.26645,-83.05964,42.26627
559,-83.02516,42.26920,-83.02482,42.26912
559,-82.99534,42.25879,-82.99559,42.25864
559,-83.01676,42.29085,-83.01676,42.29085
559,-83.00284,42.29370,-83.00284,42.29340
559,-83.01858,42.25736,-83.01833,42.25734
559,-83.08300,42.23450,-83.08300,42.23450
559,-83.00062,42.18384,-83.00062,42.18384
559,-82.97029,42.13934,-82.97029,42.13934
559,-82.82138,42.17331,-82.82138,42.17331
559,-82.71494,42.29071,-82.71494,42.29071
568,-79.70169,44.18975,-79.70169,44.18975
568,-79.55442,44.22332,-79.55335,44.22342
568,-79.58119,44.32105,-79.57998,44.32125
568,-79.65954,44.32866,-79.65922,44.32863
568,-79.66839,44.36569,-79.66867,44.36531
568,-79.72360,44.38189,-79.72460,44.38128
568,-79.71850,44.39880,-79.71936,44.39875
568,-79.70305,44.40505,-79.70379,44.40502
568,-79.69366,44.39380,-79.69402,44.39368
568,-79.67895,44.40046,-79.67938,44.40049
568,-79.69198,44.41538,-79.69198,44.41538
568,-79.64640,44.41624,-79.64583,44.41629
568,-79.79092,44.50034,-79.79092,44.50034
575,-79.35672,46.22471,-79.35672,46.22471
575,-79.20624,46.24520,-79.20624,46.24520
575,-79.44424,46.27669,-79.44378,46.27720
575,-79.44902,46.28330,-79.44884,46.28419
575,-79.45406,46.29520,-79.45381,46.29535
575,-79.45063,46.28812,-79.45008,46.28842
575,-79.45143,46.29059,-79.45111,46.29073
575,-79.45809,46.30728,-79.45837,46.30738
575,-79.45959,46.31442,-79.46011,46.31457
575,-79.45464,46.31768,-79.45504,46.31802
575,-79.46624,46.31781,-79.46616,46.31803
575,-79.46387,46.31776,-79.46362,46.31803
575,-79.46416,46.31400,-79.46447,46.31433
575,-79.46604,46.32495,-79.46618,46.32567
575,-79.44612,46.32719,-79.44662,46.32791
575,-79.45544,46.33412,-79.45558,46.33434
575,-79.43495,46.34693,-79.43534,46.34723
575,-79.48699,46.33173,-79.48724,46.33222
575,-79.55109,46.33478,-79.55109,46.33478
580,-81.00863,46.43241,-81.00863,46.43241
580,-80.99141,46.40750,-80.99094,46.40743
580,-81.00522,46.41311,-81.00581,46.41286
580,-81.00318,46.45129,-81.00318,46.45129
580,-81.01084,46.46093,-81.01041,46.46092
580,-81.00084,46.46054,-81.00071,46.46050
580,-81.01452,46.47877,-81.01419,46.47884
580,-81.00746,46.48230,-81.00708,46.48230
580,-80.99086,46.49329,-80.99052,46.49323
580,-81.02107,46.49412,-81.02107,46.49412
580,-81.00172,46.50056,-81.00153,46.50034
580,-80.98723,46.50194,-80.98685,46.50175
580,-80.99598,46.50625,-80.99569,46.50601
580,-80.98685,46.50883,-80.98666,46.50880
580,-81.00575,46.51512,-81.00575,46.51512
580,-80.94440,46.52205,-80.94425,46.52204
580,-80.96396,46.52222,-80.96343,46.52211
580,-80.94441,46.53184,-80.94403,46.53182
580,-80.94418,46.50879,-80.94418,46.50879
580,-80.92914,46.52210,-80.92914,46.52210
580,-80.93016,46.52963,-80.92990,46.52957
580,-80.91313,46.53012,-80.91287,46.52991
580,-80.90780,46.53714,-80.90746,46.53703
580,-81.19279,46.49706,-81.19279,46.49706
580,-81.19791,46.57315,-81.19791,46.57315
580,-80.93611,46.49623,-80.93611,46.49623
580,-80.88164,46.49593,-80.88164,46.49593
580,-80.90950,46.49276,-80.90950,46.49276
580,-81.01018,46.66606,-81.00923,46.66697
590,-84.06759,46.47083,-84.06759,46.47083
590,-84.24965,46.52020,-84.24971,46.52035
590,-84.27107,46.51005,-84.27093,46.51015
590,-84.28720,46.51595,-84.28720,46.51595
590,-84.30219,46.50948,-84.30219,46.50948
590,-84.29871,46.50941,-84.29846,46.50941
590,-84.31932,46.50946,-84.31938,46.50938
590,-84.31926,46.52194,-84.31935,46.52181
590,-84.31928,46.53249,-84.31942,46.53248
590,-84.33927,46.52189,-84.33940,46.52188
590,-84.33480,46.53836,-84.33526,46.53838
590,-84.36128,46.53014,-84.36130,46.53028
590,-84.36580,46.53722,-84.36619,46.53739
590,-84.34915,46.52758,-84.34915,46.52758
590,-84.35011,46.53762,-84.35043,46.53777
590,-84.38186,46.53694,-84.38186,46.53694
590,-84.38236,46.55145,-84.38249,46.55149
590,-84.40225,46.52916,-84.40246,46.52921
590,-84.46571,46.52046,-84.46571,46.52046
590,-84.47610,46.52038,-84.47610,46.52045
595,-89.38887,48.38070,-89.38854,48.38066
595,-89.42729,48.41413,-89.42672,48.41363
595,-89.37889,48.41586,-89.37843,48.41578
595,-89.35034,48.41784,-89.35003,48.41768
595,-89.27428,48.42045,-89.27445,48.42056
595,-89.25836,48.41185,-89.25825,48.41178
595,-89.27439,48.41092,-89.27447,48.41094
595,-89.27778,48.39400,-89.27782,48.39412
595,-89.29621,48.39253,-89.29637,48.39257
595,-89.30086,48.39036,-89.30086,48.39036
595,-89.28947,48.39389,-89.28954,48.39397
595,-89.27861,48.38768,-89.27861,48.38768
595,-89.30062,48.38079,-89.30062,48.38079
595,-89.27856,48.37147,-89.27853,48.37161
595,-89.25792,48.37139,-89.25791,48.37156
595,-89.25110,48.38086,-89.25110,48.38086
595,-89.24541,48.38631,-89.24551,48.38626
595,-89.24115,48.39253,-89.24121,48.39247
595,-89.28958,48.36511,-89.28958,48.36511
595,-89.25831,48.38853,-89.25831,48.38853
595,-89.33319,48.31689,-89.33319,48.31689
595,-89.27922,48.46235,-89.27931,48.46288
595,-89.26413,48.44356,-89.26363,48.44338
595,-89.25121,48.44932,-89.25104,48.44964
595,-89.26973,48.44898,-89.26959,48.44915
595,-89.25299,48.43368,-89.25299,48.43368
595,-89.23828,48.42969,-89.23828,48.42969
595,-89.24089,48.42484,-89.24089,48.42484
595,-89.23311,48.43818,-89.23311,48.43818
595,-89.24734,48.44321,-89.24699,48.44333
595,-89.24468,48.44090,-89.24468,48.44090
595,-89.22805,48.44650,-89.22805,48.44650
595,-89.22561,48.46197,-89.22561,48.46197
595,-89.24301,48.46258,-89.24214,48.46327
595,-89.20928,48.46392,-89.20938,48.46376
595,-89.20857,48.45423,-89.20867,48.45407
595,-89.22202,48.43571,-89.22202,48.43571
595,-89.19512,48.45274,-89.19519,48.45246
595,-89.18754,48.45760,-89.18752,48.45747
595,-89.18209,48.47816,-89.18218,48.47851
595,-89.42721,48.47244,-89.42669,48.47247
602,-96.63782,49.79647,-96.63837,49.79640
602,-96.98104,49.73898,-96.98104,49.73868
602,-96.77584,49.70856,-96.77584,49.70856
602,-96.85265,49.93031,-96.85297,49.93014
602,-96.97948,49.90088,-96.97980,49.90083
602,-97.00197,49.90838,-97.00247,49.90822
602,-97.02494,49.89379,-97.02540,49.89358
602,-97.01568,49.89355,-97.01616,49.89344
602,-97.07452,49.91346,-97.07502,49.91340
602,-97.05189,49.92344,-97.05256,49.92334
602,-97.08215,49.93416,-97.08270,49.93409
602,-97.07196,49.94562,-97.07253,49.94552
602,-97.04313,49.95098,-97.04378,49.95086
602,-97.11171,49.94387,-97.11235,49.94379
602,-97.10784,49.92347,-97.10815,49.92323
602,-97.10222,49.92938,-97.10241,49.92917
602,-97.13447,49.93505,-97.13499,49.93503
602,-97.13052,49.94466,-97.13088,49.94451
602,-97.14682,49.95342,-97.14753,49.95341
602,-97.17461,49.94517,-97.17492,49.94504
602,-97.16970,49.95180,-97.17030,49.95171
602,-97.19508,49.94611,-97.19517,49.94598
602,-97.19555,49.93091,-97.19529,49.93112
602,-97.20687,49.93862,-97.20687,49.93862
602,-97.20613,49.93108,-97.20601,49.93128
602,-97.19477,49.91650,-97.19505,49.91644
602,-97.19841,49.91634,-97.19877,49.91644
602,-97.20615,49.91631,-97.20682,49.91643
602,-97.22912,49.93299,-97.22960,49.93302
602,-97.22897,49.97545,-97.22897,49.97545
602,-97.16937,49.92352,-97.16952,49.92353
602,-97.16900,49.92707,-97.16918,49.92689
602,-97.15412,49.92230,-97.15435,49.92211
602,-97.13367,49.92441,-97.13389,49.92428
602,-97.14884,49.92928,-97.14896,49.92911
602,-97.14620,49.93626,-97.14658,49.93623
602,-97.16432,49.93418,-97.16441,49.93418
602,-97.13141,49.91519,-97.13193,49.91490
602,-97.13288,49.90944,-97.13322,49.90925
602,-97.09468,49.90465,-97.09508,49.90440
602,-97.10253,49.89292,-97.10303,49.89290
602,-97.15767,49.90118,-97.15802,49.90109
602,-97.15828,49.89301,-97.15876,49.89292
602,-97.13803,49.89565,-97.13831,49.89548
602,-97.18294,49.89369,-97.18313,49.89366
602,-97.15884,49.88579,-97.15924,49.88576
602,-97.16617,49.88203,-97.16617,49.88203
602,-97.17493,49.88165,-97.17511,49.88175
602,-97.22379,49.87854,-97.22445,49.87854
602,-97.26164,49.87968,-97.26254,49.88005
602,-97.23991,49.87910,-97.24086,49.87916
602,-97.27018,49.85938,-97.27074,49.85941
602,-97.30596,49.86185,-97.30660,49.86195
602,-97.30603,49.88198,-97.30722,49.88265
602,-97.27791,49.87907,-97.27909,49.87941
602,-97.29218,49.88121,-97.29323,49.88176
602,-97.30490,49.89918,-97.30584,49.89979
602,-97.26074,49.88922,-97.26169,49.88949
602,-97.23953,49.88482,-97.24020,49.88497
602,-97.20066,49.88740,-97.20114,49.88746
602,-97.19523,49.86359,-97.19535,49.86376
602,-97.21100,49.86603,-97.21129,49.86637
602,-97.19666,49.84694,-97.19687,49.84692
602,-97.17745,49.86304,-97.17780,49.86304
602,-97.16131,49.86820,-97.16140,49.86811
602,-97.14197,49.87479,-97.14213,49.87456
602,-97.13031,49.86032,-97.13039,49.86021
602,-97.15128,49.83895,-97.15135,49.83877
602,-97.11210,49.83726,-97.11240,49.83727
602,-97.11200,49.84934,-97.11236,49.84932
602,-97.11060,49.86440,-97.11097,49.86439
602,-97.11035,49.88198,-97.11090,49.88189
602,-97.07784,49.86102,-97.07827,49.86105
602,-97.06465,49.84831,-97.06501,49.84827
602,-97.06446,49.84556,-97.06420,49.84547
602,-97.06491,49.85591,-97.06527,49.85588
602,-97.08820,49.82910,-97.08851,49.82916
602,-97.09446,49.81169,-97.09477,49.81186
602,-97.11308,49.82012,-97.11308,49.82012
602,-97.11403,49.80580,-97.11450,49.80598
602,-97.15752,49.80768,-97.15752,49.80768
602,-97.19604,49.81550,-97.19639,49.81559
602,-97.21914,49.81481,-97.21938,49.81506
602,-97.23382,49.81443,-97.23427,49.81452
602,-97.17353,49.80698,-97.17353,49.80698
602,-97.15916,49.78854,-97.15930,49.78867
602,-97.14424,49.79354,-97.14467,49.79357
602,-97.16025,49.77560,-97.16051,49.77573
602,-97.44883,49.87093,-97.44883,49.87093
602,-97.73522,50.06387,-97.73522,50.06387
602,-97.04076,49.99053,-97.04139,49.99032
602,-97.01499,49.97440,-97.01515,49.97439
602,-96.63288,50.37641,-96.63288,50.37641
733,-104.54781,50.42980,-104.54800,50.42967
733,-104.57197,50.44724,-104.57226,50.44712
733,-104.54866,50.45518,-104.54866,50.45518
733,-104.54916,50.46384,-104.54916,50.46384
733,-104.59480,50.44067,-104.59505,50.44085
733,-104.59493,50.43437,-104.59504,50.43447
733,-104.57392,50.42584,-104.57392,50.42584
733,-104.60245,50.40796,-104.60278,50.40798
733,-104.61756,50.41534,-104.61808,50.41544
733,-104.63621,50.40533,-104.63697,50.40545
733,-104.61745,50.40468,-104.61811,50.40457
733,-104.61766,50.42816,-104.61809,50.42840
733,-104.61757,50.44061,-104.61807,50.44080
733,-104.61740,50.44731,-104.61804,50.44722
733,-104.63042,50.44219,-104.63113,50.44241
733,-104.68582,50.42594,-104.68683,50.42601
733,-104.68600,50.45496,-104.68688,50.45517
733,-104.64283,50.45509,-104.64342,50.45518
733,-104.64018,50.46946,-104.64099,50.46963
733,-104.61741,50.46955,-104.61810,50.46953
733,-104.67504,50.48403,-104.67587,50.48422
733,-104.61725,50.49436,-104.61829,50.49439
733,-104.66314,50.49376,-104.66399,50.49376
733,-104.89193,50.57173,-104.89280,50.57170
733,-104.49992,50.57185,-104.50116,50.57188
725,-106.43191,51.96917,-106.43255,51.96917
725,-106.85964,51.96890,-106.86079,51.96912
725,-106.86007,52.23165,-106.86064,52.23126
725,-106.67033,52.23231,-106.67069,52.23139
725,-106.67076,52.28937,-106.67076,52.28937
725,-106.53574,52.36532,-106.53574,52.36532
725,-106.58467,52.09399,-106.58594,52.09406
725,-106.60382,52.10471,-106.60487,52.10479
725,-106.58617,52.11464,-106.58710,52.11469
725,-106.58471,52.12595,-106.58546,52.12610
725,-106.58831,52.10191,-106.58985,52.10204
725,-106.55915,52.11471,-106.55962,52.11469
725,-106.59766,52.13761,-106.59891,52.13761
725,-106.58133,52.14600,-106.58233,52.14601
725,-106.62199,52.11495,-106.62281,52.11482
725,-106.62163,52.09342,-106.62281,52.09336
725,-106.64583,52.10734,-106.64656,52.10734
725,-106.65618,52.10021,-106.65678,52.10025
725,-106.67297,52.11100,-106.67353,52.11100
725,-106.65635,52.11992,-106.65674,52.11982
725,-106.65612,52.11100,-106.65681,52.11100
725,-106.63383,52.12913,-106.63458,52.12891
725,-106.66264,52.13363,-106.66327,52.13373
725,-106.66958,52.14384,-106.67025,52.14387
725,-106.68076,52.13699,-106.68141,52.13707
725,-106.64606,52.15801,-106.64740,52.15811
725,-106.63186,52.18052,-106.63325,52.18076
725,-106.70526,52.13705,-106.70586,52.13709
725,-106.62201,52.20962,-106.62290,52.20969
725,-106.72530,52.14367,-106.72596,52.14386
725,-106.70952,52.14390,-106.71009,52.14388
725,-106.68125,52.14853,-106.68203,52.14853
725,-106.74101,52.11742,-106.74174,52.11764
725,-106.72755,52.12926,-106.72835,52.12948
725,-106.75334,52.14360,-106.75359,52.14386
725,-106.75277,52.12925,-106.75334,52.12936
810,-112.79220,49.67278,-112.79318,49.67277
810,-112.79901,49.67258,-112.80005,49.67254
810,-112.80456,49.68375,-112.80527,49.68374
810,-112.82313,49.68662,-112.82413,49.68655
810,-112.81056,49.69831,-112.81139,49.69836
810,-112.82311,49.69554,-112.82413,49.69547
810,-112.82308,49.71279,-112.82407,49.71277
810,-112.82306,49.71281,-112.82407,49.71276
810,-112.82304,49.72745,-112.82408,49.72733
810,-112.80036,49.72740,-112.80120,49.72724
810,-112.80060,49.70555,-112.80155,49.70574
810,-112.80743,49.71276,-112.80831,49.71271
810,-112.87590,49.68118,-112.87659,49.68136
810,-112.89686,49.67387,-112.89776,49.67390
810,-112.87665,49.66270,-112.87753,49.66273
810,-112.88448,49.67833,-112.88548,49.67838
825,-113.98660,50.90794,-113.98732,50.90769
825,-114.02431,50.90033,-114.02426,50.90071
825,-114.03848,50.89760,-114.03848,50.89789
825,-114.04691,50.90656,-114.04735,50.90668
825,-114.04787,50.90405,-114.04800,50.90406
825,-114.01772,50.91820,-114.01879,50.91862
825,-114.03072,50.93115,-114.03223,50.93124
825,-114.04771,50.92967,-114.04859,50.92985
825,-114.04342,50.94186,-114.04451,50.94203
825,-114.04080,50.94793,-114.04186,50.94836
825,-114.06963,50.93218,-114.07035,50.93228
825,-114.08133,50.91416,-114.08281,50.91408
825,-114.13995,50.92136,-114.14076,50.92134
825,-114.11714,50.95038,-114.11787,50.95058
825,-114.09391,50.96133,-114.09514,50.96159
825,-114.09391,50.95052,-114.09471,50.95055
825,-114.11729,50.96104,-114.11790,50.96138
825,-114.05765,50.96372,-114.05874,50.96414
825,-114.05940,50.97922,-114.05997,50.97964
825,-114.09385,50.97925,-114.09475,50.97962
825,-114.08237,50.99393,-114.08313,50.99444
825,-114.01515,50.98496,-114.01576,50.98506
825,-113.98078,50.97957,-113.98164,50.97966
825,-114.01251,50.99757,-114.01351,50.99784
825,-113.98031,51.01822,-113.98145,51.01834
825,-113.98045,51.03770,-113.98154,51.03776
825,-113.98092,51.05184,-113.98154,51.05223
825,-113.98083,51.06686,-113.98149,51.06710
825,-113.98059,51.04498,-113.98164,51.04519
825,-113.93401,51.05226,-113.93505,51.05253
825,-113.95510,51.05311,-113.95571,51.05344
825,-113.93418,51.06689,-113.93499,51.06716
825,-113.95747,51.05979,-113.95828,51.06006
825,-113.95749,51.08142,-113.95828,51.08161
825,-113.93451,51.07429,-113.93501,51.07432
825,-113.93447,51.08145,-113.93503,51.08156
825,-113.95766,51.09597,-113.95830,51.09618
825,-113.93420,51.10148,-113.93494,51.10148
825,-113.94628,51.11050,-113.94683,51.11070
825,-113.95222,51.10511,-113.95241,51.10508
825,-113.95760,51.09972,-113.95819,51.09993
825,-113.96479,51.11037,-113.96521,51.11071
825,-113.99981,51.13416,-114.00062,51.13428
825,-114.00062,51.06660,-114.00166,51.06708
825,-114.08035,51.00846,-114.08137,51.00870
825,-114.08273,51.01990,-114.08367,51.02011
825,-114.11716,50.99438,-114.11783,50.99459
825,-114.11714,51.00855,-114.11787,51.00873
825,-114.10836,51.01951,-114.10922,51.01968
825,-114.10836,51.02218,-114.10924,51.02220
825,-114.11716,51.02512,-114.11778,51.02511
825,-114.14000,51.02247,-114.14107,51.02257
825,-114.14012,51.03765,-114.14121,51.03785
825,-114.15167,51.03768,-114.15285,51.03780
825,-114.15176,51.01884,-114.15285,51.01899
825,-114.16343,51.03766,-114.16415,51.03777
825,-114.08083,51.03768,-114.08181,51.03784
825,-114.10075,51.03773,-114.10160,51.03782
825,-114.07055,51.03772,-114.07153,51.03785
825,-114.10110,51.03033,-114.10212,51.03045
825,-114.05357,51.05960,-114.05443,51.05972
825,-114.06664,51.06688,-114.06747,51.06701
825,-114.08507,51.05238,-114.08602,51.05253
825,-114.10475,51.05244,-114.10561,51.05250
825,-114.10556,51.06684,-114.10621,51.06702
825,-114.08362,51.07680,-114.08466,51.07683
825,-114.07048,51.08727,-114.07167,51.08741
825,-114.07055,51.10603,-114.07151,51.10612
825,-114.09368,51.08939,-114.09470,51.08973
825,-114.04767,51.07419,-114.04838,51.07427
825,-114.06844,51.11798,-114.06953,51.11803
825,-114.07029,51.12525,-114.07134,51.12526
825,-114.08236,51.13257,-114.08334,51.13249
825,-114.08379,51.13598,-114.08466,51.13593
825,-114.09797,51.12602,-114.09873,51.12587
825,-114.10593,51.13166,-114.10610,51.13163
825,-114.10636,51.13487,-114.10707,51.13483
825,-114.10788,51.14036,-114.10867,51.14028
825,-114.05921,51.14750,-114.06035,51.14705
825,-114.11717,51.05945,-114.11798,51.05955
825,-114.13996,51.06560,-114.14120,51.06587
825,-114.14006,51.05989,-114.14117,51.06013
825,-114.15166,51.04861,-114.15279,51.04883
825,-114.16366,51.05217,-114.16408,51.05223
825,-114.18676,51.04707,-114.18770,51.04758
825,-114.15123,51.08157,-114.15208,51.08160
825,-114.17238,51.08339,-114.17331,51.08339
825,-114.19842,51.08895,-114.19935,51.08896
825,-114.20978,51.09416,-114.21095,51.09418
825,-114.18863,51.10325,-114.18922,51.10345
825,-114.20603,51.11584,-114.20666,51.11619
825,-114.17773,51.11051,-114.17827,51.11075
825,-114.15349,51.11485,-114.15453,51.11532
825,-114.12640,51.10271,-114.12719,51.10317
825,-114.11656,51.08959,-114.11737,51.08935
825,-114.13333,51.09519,-114.13414,51.09535
825,-114.15399,51.09319,-114.15467,51.09334
825,-114.16350,51.09307,-114.16452,51.09325
825,-114.16599,51.12050,-114.16648,51.12076
825,-114.16964,51.12969,-114.16921,51.12966
825,-114.18985,51.12123,-114.19058,51.12140
825,-114.18347,51.13037,-114.18354,51.13046
825,-114.18980,51.12128,-114.19058,51.12141
825,-114.19407,51.12747,-114.19433,51.12772
825,-114.16843,51.12414,-114.16843,51.12414
825,-114.18833,51.12518,-114.18880,51.12538
825,-114.18223,51.14041,-114.18176,51.14112
825,-114.15060,51.14428,-114.15131,51.14434
825,-114.14355,51.12733,-114.14483,51.12733
825,-114.15294,51.13264,-114.15378,51.13250
825,-114.12339,51.14280,-114.12339,51.14280
825,-114.47951,51.18994,-114.47951,51.18994
825,-114.67541,50.95037,-114.67541,50.95037
825,-113.83107,51.06628,-113.82984,51.06581
825,-114.00163,51.28055,-114.00206,51.28096
825,-114.02431,51.30004,-114.02516,51.30013
825,-113.99201,51.48829,-113.99201,51.48829
830,-113.76538,52.25198,-113.76635,52.25208
830,-113.78936,52.25219,-113.79024,52.25227
830,-113.78932,52.26674,-113.79024,52.26676
830,-113.76540,52.26679,-113.76637,52.26680
830,-113.81874,52.25067,-113.81969,52.25076
830,-113.82063,52.26226,-113.82161,52.26223
830,-113.80391,52.26892,-113.80482,52.26895
830,-113.83667,52.28854,-113.83767,52.28871
830,-113.81294,52.28858,-113.81377,52.28859
830,-113.81290,52.31744,-113.81382,52.31752
835,-113.54229,53.25799,-113.54407,53.25961
835,-113.53972,53.30847,-113.54072,53.30869
835,-113.41397,53.35238,-113.41533,53.35243
835,-113.41836,53.45544,-113.42001,53.45488
835,-113.41729,53.44634,-113.41936,53.44583
835,-113.40730,53.45612,-113.40916,53.45544
835,-113.39231,53.45467,-113.39388,53.45391
835,-113.39238,53.44460,-113.39402,53.44375
835,-113.39995,53.44562,-113.40230,53.44489
835,-113.39245,53.43282,-113.39363,53.43218
835,-113.44913,53.44666,-113.45131,53.44638
835,-113.44606,53.45352,-113.44820,53.45335
835,-113.44656,53.45892,-113.44806,53.45845
835,-113.44895,53.46506,-113.45059,53.46502
835,-113.41872,53.46536,-113.42026,53.46513
835,-113.43443,53.46566,-113.43596,53.46553
835,-113.45224,53.47195,-113.45356,53.47195
835,-113.41416,53.47035,-113.41582,53.47011
835,-113.43766,53.47455,-113.43899,53.47445
835,-113.44138,53.48539,-113.44259,53.48526
835,-113.41682,53.48751,-113.41803,53.48738
835,-113.39262,53.48048,-113.39357,53.48051
835,-113.51508,53.45386,-113.51622,53.45403
835,-113.51572,53.47576,-113.51617,53.47589
835,-113.53749,53.46725,-113.53863,53.46742
835,-113.49073,53.46764,-113.49210,53.46781
835,-113.57719,53.46804,-113.58066,53.46832
835,-113.59161,53.46153,-113.59437,53.46176
835,-113.57810,53.47977,-113.58199,53.47799
835,-113.54053,53.48326,-113.54108,53.48323
835,-113.54001,53.49745,-113.54110,53.49773
835,-113.51582,53.48831,-113.51643,53.48831
835,-113.51558,53.49801,-113.51648,53.49827
835,-113.51107,53.51793,-113.51212,53.51821
835,-113.49177,53.50837,-113.49294,53.50839
835,-113.51097,53.50835,-113.51205,53.50848
835,-113.61381,53.50452,-113.61542,53.50474
835,-113.62870,53.51126,-113.62989,53.51216
835,-113.62794,53.49608,-113.62937,53.49645
835,-113.61367,53.53111,-113.61517,53.53175
835,-113.62876,53.52779,-113.63027,53.52864
835,-113.64759,53.52889,-113.64910,53.52979
835,-113.61396,53.53887,-113.61495,53.53924
835,-113.58853,53.51902,-113.59029,53.51950
835,-113.57687,53.51908,-113.57810,53.51944
835,-113.57691,53.53129,-113.57800,53.53151
835,-113.58913,53.54321,-113.59031,53.54331
835,-113.58929,53.55878,-113.59053,53.55906
835,-113.57710,53.55095,-113.57800,53.55111
835,-113.54879,53.55085,-113.54969,53.55103
835,-113.52958,53.55860,-113.53095,53.55896
835,-113.54015,53.58358,-113.54129,53.58355
835,-113.56477,53.54284,-113.56567,53.54290
835,-113.52014,53.54076,-113.52130,53.54091
835,-113.50018,53.53707,-113.50113,53.53726
835,-113.49285,53.55886,-113.49375,53.55886
835,-113.44182,53.51230,-113.44286,53.51230
835,-113.44200,53.52525,-113.44286,53.52527
835,-113.45661,53.52680,-113.45742,53.52684
835,-113.44227,53.54119,-113.44331,53.54119
835,-113.41746,53.54102,-113.41845,53.54122
835,-113.41746,53.55845,-113.41838,53.55848
835,-113.41715,53.57022,-113.41841,53.57035
835,-113.41722,53.58376,-113.41819,53.58366
835,-113.45806,53.57032,-113.45894,53.57039
835,-113.49091,53.59195,-113.49202,53.59208
835,-113.54885,53.57012,-113.54984,53.57041
835,-113.49093,53.57032,-113.49193,53.57035
835,-113.52565,53.59198,-113.52672,53.59220
835,-113.54017,53.60650,-113.54140,53.60670
835,-113.51593,53.61399,-113.51664,53.61427
835,-113.49074,53.62856,-113.49183,53.62884
835,-113.46620,53.61577,-113.46733,53.61600
835,-113.46634,53.59958,-113.46726,53.59976
835,-113.44149,53.60483,-113.44273,53.60486
835,-113.44159,53.59210,-113.44292,53.59224
835,-113.41702,53.61572,-113.41813,53.61586
835,-113.41202,53.59702,-113.41334,53.59707
835,-113.39228,53.57021,-113.39361,53.57041
835,-113.38462,53.59965,-113.38605,53.59972
835,-113.29358,53.54158,-113.29576,53.54124
835,-113.29396,53.51226,-113.29576,53.51226
835,-113.29382,53.57060,-113.29500,53.57038
835,-113.23557,53.69896,-113.23671,53.69899
835,-113.49407,53.83407,-113.49597,53.83317
835,-113.61910,53.80366,-113.62005,53.80354
835,-113.62394,53.63688,-113.62394,53.63688
835,-113.64358,53.63857,-113.64225,53.63801
835,-113.59928,53.62890,-113.60075,53.62867
835,-113.62157,53.61373,-113.62347,53.61424
835,-113.89535,53.55601,-113.89649,53.55567
835,-114.04979,53.54068,-114.04979,53.54068
835,-114.12264,53.54102,-114.12473,53.54113
835,-114.44082,53.55522,-114.44290,53.55522
835,-112.99699,53.48167,-113.00021,53.48325
970,-122.77218,53.88430,-122.77347,53.88457
970,-122.78089,53.89937,-122.78213,53.89961
970,-122.76528,53.85889,-122.76622,53.85906
970,-122.77905,53.86909,-122.78055,53.86928
970,-122.66399,53.89819,-122.66552,53.89836
970,-122.75240,53.90844,-122.75369,53.90845
970,-122.74756,53.91845,-122.74845,53.91866
970,-122.78017,53.91749,-122.78161,53.91763
970,-122.80677,53.92040,-122.80746,53.92062
970,-122.80648,53.91008,-122.80694,53.91028
970,-122.80326,53.93130,-122.80398,53.93147
970,-122.78512,53.98928,-122.78699,53.98957
970,-122.76588,53.96488,-122.76736,53.96547
970,-122.82967,53.84260,-122.83168,53.84245
925,-120.18380,50.66319,-120.18561,50.66342
925,-120.31884,50.67426,-120.31897,50.67403
925,-120.30811,50.67232,-120.30804,50.67199
925,-120.32758,50.67157,-120.32783,50.67144
925,-120.32678,50.67465,-120.32712,50.67453
925,-120.33827,50.67452,-120.33896,50.67450
925,-120.35875,50.68653,-120.35912,50.68646
925,-120.35940,50.69152,-120.35990,50.69144
925,-120.37202,50.70100,-120.37269,50.70085
925,-120.38813,50.70225,-120.38878,50.70202
925,-120.40394,50.70794,-120.40472,50.70783
925,-120.42962,50.70439,-120.43099,50.70434
925,-120.35409,50.67014,-120.35460,50.66984
925,-120.35465,50.64641,-120.35581,50.64608
925,-120.36714,50.65389,-120.36855,50.65391
925,-120.35802,50.73520,-120.35827,50.73533
925,-120.33898,50.77593,-120.34003,50.77554
925,-120.31122,50.86605,-120.31184,50.86623
925,-120.78432,50.50376,-120.78432,50.50376
915,-119.74415,49.76765,-119.74476,49.76758
915,-119.65281,49.82874,-119.65332,49.82848
915,-119.62464,49.83715,-119.62550,49.83678
915,-119.62453,49.82987,-119.62543,49.82966
915,-119.58657,49.86102,-119.58734,49.86083
915,-119.48725,49.89368,-119.48848,49.89357
915,-119.47573,49.88649,-119.47699,49.88628
915,-119.48167,49.87287,-119.48279,49.87276
915,-119.48435,49.85765,-119.48540,49.85765
915,-119.38579,49.88935,-119.38689,49.88898
915,-119.41662,49.88238,-119.41762,49.88204
915,-119.38577,49.90946,-119.38675,49.90918
915,-119.43660,49.92855,-119.43785,49.92829
915,-119.46460,49.89658,-119.46573,49.89648
915,-119.48210,49.82325,-119.48325,49.82300
915,-119.39101,49.87483,-119.39216,49.87449
915,-119.41628,49.85841,-119.41700,49.85798
915,-119.40204,50.02041,-119.40352,50.02011
915,-119.45896,50.21801,-119.46020,50.21777
932,-122.25932,49.03844,-122.26069,49.03834
932,-122.45855,49.05770,-122.45979,49.05767
932,-122.38017,49.03919,-122.38172,49.03904
932,-122.37988,49.07520,-122.38117,49.07489
932,-122.34164,49.05424,-122.34252,49.05418
932,-122.33108,49.05507,-122.33230,49.05494
932,-122.31420,49.04216,-122.31557,49.04183
932,-122.33574,49.04591,-122.33704,49.04575
932,-122.29240,49.05024,-122.29381,49.05010
932,-122.24975,49.06322,-122.25138,49.06304
932,-122.31502,49.14023,-122.31636,49.14024
932,-122.31435,49.15501,-122.31602,49.15463
932,-122.07893,49.08235,-122.08046,49.08223
933,-122.51354,49.06451,-122.51478,49.06436
933,-122.60221,49.09032,-122.60356,49.09020
933,-122.64596,49.07480,-122.64745,49.07466
933,-122.66718,49.08974,-122.66846,49.08961
933,-122.66723,49.10450,-122.66870,49.10436
933,-122.64523,49.10491,-122.64680,49.10464
933,-122.67791,49.11914,-122.67992,49.11908
933,-122.71134,49.11903,-122.71262,49.11874
933,-122.72248,49.10435,-122.72385,49.10415
933,-122.64421,49.17125,-122.64586,49.17120
933,-122.57980,49.16716,-122.58137,49.16707
933,-122.57786,49.22042,-122.57924,49.22042
933,-122.62142,49.22062,-122.62275,49.22058
933,-122.68820,49.21927,-122.68958,49.21915
933,-122.68804,49.24446,-122.68958,49.24416
933,-122.46723,49.18304,-122.46865,49.18267
933,-122.67918,49.03126,-122.68037,49.03114
933,-122.67890,49.07487,-122.68041,49.07474
933,-122.76667,49.06046,-122.76804,49.06018
933,-122.77782,49.04014,-122.77924,49.04008
933,-122.77782,49.02043,-122.77924,49.02022
933,-122.79998,49.03132,-122.80112,49.03119
933,-122.83287,49.03133,-122.83436,49.03119
933,-122.86605,49.04601,-122.86738,49.04579
933,-122.83300,49.06033,-122.83447,49.06033
933,-122.84423,49.11952,-122.84536,49.11911
933,-122.86632,49.11963,-122.86781,49.11918
933,-122.88914,49.11963,-122.89040,49.11938
933,-122.90279,49.14907,-122.90419,49.14862
933,-122.88869,49.17742,-122.89016,49.17714
933,-122.84413,49.16298,-122.84574,49.16278
933,-122.84394,49.19199,-122.84529,49.19163
933,-122.78851,49.17738,-122.79003,49.17691
933,-122.77734,49.20275,-122.77867,49.20238
933,-122.81129,49.20545,-122.81267,49.20520
933,-122.86622,49.20656,-122.86742,49.20635
933,-122.85089,49.24910,-122.85246,49.24899
933,-122.81507,49.24936,-122.81583,49.24905
933,-122.83283,49.23609,-122.83406,49.23591
933,-122.86731,49.26014,-122.86887,49.25993
933,-122.78936,49.26949,-122.79064,49.26927
933,-122.83818,49.29335,-122.83885,49.29306
933,-122.75501,49.28602,-122.75605,49.28575
933,-122.82265,49.27681,-122.82398,49.27669
933,-122.89698,49.23494,-122.89847,49.23470
933,-122.86767,49.24911,-122.86915,49.24900
933,-122.93645,49.21366,-122.93788,49.21344
933,-122.90699,49.20742,-122.90846,49.20711
933,-122.91072,49.22756,-122.91218,49.22731
933,-122.89724,49.22088,-122.89878,49.22057
933,-122.93980,49.22425,-122.94099,49.22408
933,-122.97952,49.22513,-122.98078,49.22498
933,-123.02190,49.22522,-123.02349,49.22520
933,-122.98713,49.21491,-122.98848,49.21485
933,-123.01106,49.21573,-123.01239,49.21573
933,-123.05783,49.22023,-123.05941,49.22023
933,-123.05728,49.23996,-123.05868,49.23977
933,-123.05669,49.24208,-123.05811,49.24189
933,-123.03263,49.24473,-123.03405,49.24452
933,-123.00214,49.24303,-123.00341,49.24299
933,-122.96345,49.25027,-122.96465,49.24991
933,-122.96337,49.26821,-122.96459,49.26798
933,-123.00171,49.28123,-123.00310,49.28101
933,-122.98656,49.27569,-122.98786,49.27552
933,-122.95219,49.28065,-122.95338,49.28038
933,-122.87619,49.27444,-122.87785,49.27428
933,-122.79981,49.29019,-122.80147,49.28999
933,-122.75493,49.27147,-122.75614,49.27119
933,-122.77218,49.25367,-122.77358,49.25335
933,-122.45850,49.07512,-122.45997,49.07499
933,-123.08415,49.01372,-123.08544,49.01354
933,-123.06728,49.02490,-123.06864,49.02471
933,-123.07484,49.09011,-123.07585,49.09023
933,-123.04454,49.09005,-123.04627,49.09012
933,-123.16877,49.14129,-123.16998,49.14102
933,-123.14710,49.14850,-123.14784,49.14830
933,-123.13567,49.13383,-123.13660,49.13353
933,-123.12391,49.14843,-123.12514,49.14823
933,-123.13586,49.14098,-123.13671,49.14090
933,-123.10148,49.14095,-123.10255,49.14068
933,-123.16870,49.15597,-123.16996,49.15561
933,-123.14713,49.16289,-123.14777,49.16278
933,-123.12981,49.16296,-123.13104,49.16276
933,-123.12327,49.17026,-123.12470,49.17011
933,-123.16886,49.17037,-123.17005,49.17018
933,-122.94506,49.18655,-122.94640,49.18622
933,-123.10633,49.18480,-123.10749,49.18458
933,-123.08941,49.22544,-123.09072,49.22545
933,-123.08916,49.23295,-123.09055,49.23292
933,-123.07016,49.23274,-123.07152,49.23264
933,-123.08904,49.24048,-123.09039,49.24031
933,-123.07206,49.24877,-123.07337,49.24851
933,-123.08948,49.21816,-123.09095,49.21828
933,-123.11553,49.21908,-123.11667,49.21906
933,-122.79993,49.15217,-122.80126,49.15190
933,-122.82183,49.13373,-122.82330,49.13373
933,-123.13820,49.23465,-123.13962,49.23435
933,-123.13849,49.22715,-123.13979,49.22695
933,-123.11498,49.23387,-123.11599,49.23358
933,-123.13913,49.20846,-123.14050,49.20848
933,-123.16621,49.22747,-123.16744,49.22733
933,-123.17737,49.23502,-123.17872,49.23479
933,-123.19565,49.24646,-123.19674,49.24623
933,-123.17744,49.24661,-123.17863,49.24617
933,-123.18102,49.24635,-123.18194,49.24617
933,-123.16371,49.25817,-123.16492,49.25766
933,-123.18498,49.25811,-123.18608,49.25802
933,-123.17698,49.25840,-123.17810,49.25787
933,-123.18477,49.26445,-123.18587,49.26437
933,-123.16345,49.26435,-123.16464,49.26406
933,-123.17667,49.26454,-123.17785,49.26426
933,-123.18467,49.26872,-123.18569,49.26861
933,-123.17847,49.26885,-123.17972,49.26854
933,-123.16331,49.26865,-123.16457,49.26832
933,-123.21396,49.25873,-123.21537,49.25851
933,-123.21366,49.26603,-123.21508,49.26572
933,-123.20182,49.26120,-123.20312,49.26103
933,-123.24187,49.26332,-123.24261,49.26290
933,-123.14587,49.24243,-123.14684,49.24201
933,-123.13755,49.25766,-123.13883,49.25706
933,-123.12566,49.26371,-123.12661,49.26340
933,-123.11418,49.24950,-123.11533,49.24905
933,-123.10002,49.25694,-123.10123,49.25658
933,-123.08771,49.26278,-123.08911,49.26247
933,-123.08852,49.25668,-123.08985,49.25640
933,-123.08887,49.24892,-123.09016,49.24866
933,-123.14955,49.25783,-123.15081,49.25724
933,-123.13748,49.26390,-123.13857,49.26361
933,-123.14896,49.27655,-123.15003,49.27626
933,-123.14920,49.26841,-123.15038,49.26810
933,-123.05525,49.25686,-123.05662,49.25675
933,-123.12652,49.24185,-123.12775,49.24146
933,-123.03221,49.26197,-123.03368,49.26191
933,-123.04275,49.26964,-123.04426,49.26955
933,-123.06444,49.26984,-123.06581,49.26956
933,-123.06453,49.26249,-123.06593,49.26230
933,-123.05051,49.27774,-123.05201,49.27749
933,-123.06410,49.28520,-123.06550,49.28483
933,-123.02177,49.27748,-123.02340,49.27742
933,-123.09853,49.28173,-123.09964,49.28134
933,-123.12510,49.28144,-123.12605,49.28119
933,-123.11737,49.27631,-123.11815,49.27611
933,-123.13214,49.28601,-123.13311,49.28580
933,-123.13759,49.28961,-123.13858,49.28938
933,-122.96741,49.31627,-122.96895,49.31599
933,-123.03692,49.31347,-123.03815,49.31326
933,-123.03657,49.33626,-123.03797,49.33629
933,-123.05160,49.33572,-123.05304,49.33556
933,-123.05356,49.32090,-123.05467,49.32073
933,-123.06787,49.32421,-123.06915,49.32412
933,-123.07268,49.31241,-123.07400,49.31215
933,-123.07050,49.33590,-123.07199,49.33568
933,-123.11874,49.32415,-123.12010,49.32395
933,-123.11693,49.33952,-123.11787,49.33934
933,-123.15905,49.33193,-123.16023,49.33158
933,-123.17351,49.33860,-123.17477,49.33833
933,-123.23636,49.34916,-123.23799,49.34895
933,-123.27348,49.36919,-123.27490,49.36899
938,-123.93481,49.15544,-123.93592,49.15516
938,-123.92723,49.15108,-123.92842,49.15087
938,-123.94829,49.14036,-123.94970,49.13996
938,-123.96477,49.17949,-123.96652,49.17931
938,-123.99243,49.21041,-123.99423,49.21001
938,-124.01839,49.23478,-124.02078,49.23421
935,-123.45661,48.67721,-123.45770,48.67710
935,-123.41556,48.66631,-123.41676,48.66616
935,-123.40110,48.65336,-123.40236,48.65324
935,-123.44256,48.63021,-123.44415,48.63001
935,-123.40721,48.61210,-123.40835,48.61188
935,-123.40780,48.57991,-123.40892,48.57974
935,-123.38886,48.55090,-123.38992,48.55069
935,-123.38654,48.53113,-123.38793,48.53080
935,-123.45046,48.57997,-123.45177,48.57965
935,-123.38658,48.48705,-123.38764,48.48672
935,-123.32064,48.49124,-123.32206,48.49071
935,-123.33297,48.47654,-123.33448,48.47599
935,-123.31961,48.46101,-123.32100,48.46054
935,-123.30154,48.47098,-123.30310,48.47076
935,-123.29920,48.45696,-123.30052,48.45677
935,-123.32070,48.43886,-123.32216,48.43861
935,-123.32124,48.42675,-123.32271,48.42645
935,-123.34693,48.41733,-123.34833,48.41714
935,-123.36436,48.41916,-123.36563,48.41871
935,-123.35100,48.43524,-123.35233,48.43502
935,-123.34953,48.45050,-123.35099,48.45020
935,-123.34839,48.46730,-123.34971,48.46694
935,-123.37121,48.44813,-123.37230,48.44775
935,-123.38524,48.46339,-123.38621,48.46297
935,-123.36477,48.50792,-123.36598,48.50737
935,-123.39266,48.43447,-123.39430,48.43426
935,-123.50244,48.45432,-123.50365,48.45375
935,-123.42326,48.45105,-123.42471,48.45102
935,-123.48932,48.42694,-123.49055,48.42628
935,-123.73435,48.37707,-123.73539,48.37688
935,-123.53642,48.38219,-123.53793,48.38188
