source_ctuid,target_ctuid,w_area
2050001.00,2050001.00,1.0000000000
2050002.00,2050002.00,1.0000000000
2050003.00,2050003.00,1.0000000000
2050004.00,2050004.00,1.0000000000
2050005.00,2050005.00,1.0000000000
2050006.00,2050006.00,1.0000000000
2050007.00,2050007.00,1.0000000000
2050008.00,2050008.00,1.0000000000
2050009.00,2050009.00,1.0000000000
2050010.00,2050010.00,1.0000000000
2050011.00,2050011.00,1.0000000000
2050012.00,2050012.00,1.0000000000
2050013.00,2050013.00,1.0000000000
2050014.00,2050014.00,1.0000000000
2050015.00,2050015.00,1.0000000000
2050016.00,2050016.00,1.0000000000
2050017.00,2050017.00,1.0000000000
2050018.00,2050018.00,1.0000000000
2050019.00,2050019.00,1.0000000000
2050020.00,2050020.00,1.0000000000
2050400.00,2050400.00,1.0000000000
2050401.00,2050401.00,1.0000000000
2050402.00,2050402.00,1.0000000000
2050403.00,2050403.00,1.0000000000
2050404.00,2050404.00,1.0000000000
2050405.00,2050405.00,1.0000000000
3100001.00,3100001.00,1.0000000000
3100002.00,3100002.00,1.0000000000
3100003.00,3100003.00,1.0000000000
3100004.00,3100004.00,1.0000000000
3100005.00,3100005.00,1.0000000000
3100006.00,3100006.00,1.0000000000
3100007.00,3100007.00,1.0000000000
3100008.00,3100008.00,0.9405834872
3100008.00,3100022.50,0.0594165128
3100009.00,3100008.00,0.1350725147
3100009.00,3100009.00,0.7670496814
3100009.00,3100017.50,0.0978778039
3100010.00,3100010.00,1.0000000000
3100011.00,3100011.00,1.0000000000
3100012.00,3100012.00,1.0000000000
3100013.00,3100013.00,1.0000000000
3100014.00,3100014.00,0.9478587564
3100014.00,3100017.50,0.0521412436
3100015.00,3100015.00,1.0000000000
3100016.00,3100016.00,1.0000000000
3100017.00,3100017.00,1.0000000000
3100017.50,3100008.00,0.0548003315
3100017.50,3100017.50,0.9451996685
3100018.00,3100018.00,1.0000000000
3100019.00,3100019.00,1.0000000000
3100020.00,3100020.00,1.0000000000
3100020.50,3100020.50,0.6497034797
3100020.50,3100400.00,0.3502965203
3100021.00,3100021.00,1.0000000000
3100022.00,3100022.00,1.0000000000
3100022.50,3100022.50,1.0000000000
3100400.00,3100401.00,1.0000000000
3100401.00,3100402.00,1.0000000000
3100402.00,-1,0.0000000001
3100402.00,3100403.00,1.0000000000
4210001.00,4210001.00,1.0000000000
4210002.00,4210002.00,1.0000000000
4210003.00,4210003.00,1.0000000000
4210004.00,4210004.00,1.0000000000
4210005.00,4210005.00,1.0000000000
4210006.00,4210005.00,0.0450622020
4210006.00,4210006.00,0.9549377980
4210007.00,4210007.00,1.0000000000
4210008.00,4210008.00,1.0000000000
4210009.00,4210009.00,1.0000000000
4210010.00,4210010.00,1.0000000000
4210011.00,4210011.00,1.0000000000
4210012.00,4210012.00,1.0000000000
4210013.00,4210013.00,1.0000000000
4210014.00,4210014.00,1.0000000000
4210015.00,4210015.00,1.0000000000
4210016.00,4210016.00,1.0000000000
4210017.00,4210017.00,1.0000000000
4210018.00,4210018.00,1.0000000000
4210019.00,4210019.00,1.0000000000
4210020.00,4210020.00,1.0000000000
4210021.00,4210021.00,1.0000000000
4210022.00,4210022.00,1.0000000000
4210023.00,4210023.00,1.0000000000
4210024.00,4210024.00,1.0000000000
4210025.00,4210025.00,1.0000000000
4210026.00,4210026.00,1.0000000000
4210027.00,4210027.00,1.0000000000
4210028.00,4210028.00,1.0000000000
4210029.00,4210029.00,1.0000000000
4210030.00,4210030.00,1.0000000000
4210031.00,4210031.00,1.0000000000
4210032.00,4210032.00,0.7960249576
4210032.00,4210033.00,0.2039750424
4210033.00,4210033.00,1.0000000000
4210034.00,4210034.00,1.0000000000
4210035.00,4210035.00,1.0000000000
4210150.00,4210150.00,1.0000000000
4210400.00,4210428.00,1.0000000000
4210401.00,4210421.00,1.0000000000
4210402.00,4210410.00,1.0000000000
4210403.00,4210417.00,1.0000000000
4210404.00,4210402.00,1.0000000000
4210405.00,4210404.00,0.4126962830
4210405.00,4210416.00,0.5873037170
4210406.00,4210403.00,0.9161975914
4210406.00,4210416.00,0.0838024086
4210407.00,4210408.00,0.0873621069
4210407.00,4210422.00,0.9126378931
4210408.00,4210408.00,1.0000000000
4210409.00,4210400.00,0.9553872935
4210409.00,4210429.00,0.0446127065
4210410.00,4210429.00,1.0000000000
4210411.00,4210401.00,1.0000000000
4210412.00,4210427.00,1.0000000000
4210413.00,4210411.00,1.0000000000
4210414.00,4210412.00,1.0000000000
4210415.00,4210412.00,0.0547379000
4210415.00,4210419.00,0.9452621000
4210416.00,4210426.00,1.0000000000
4210417.00,4210425.00,1.0000000000
4210418.00,4210405.00,1.0000000000
4210419.00,4210424.00,1.0000000000
4210420.00,4210420.00,1.0000000000
4210421.00,4210418.00,1.0000000000
4210422.00,4210413.00,1.0000000000
4210423.00,4210406.00,0.9138124672
4210423.00,4210413.00,0.0861875328
4210424.00,4210409.00,0.6210375931
4210424.00,4210423.00,0.3789624069
4210425.00,4210415.00,1.0000000000
4210426.00,4210407.00,1.0000000000
4210427.00,4210414.00,1.0000000000
4620001.00,4620059.00,1.0000000000
4620002.00,4620058.00,1.0000000000
4620003.00,4620057.00,1.0000000000
4620004.00,4620060.00,1.0000000000
4620005.00,4620056.00,1.0000000000
4620006.00,4620119.00,1.0000000000
4620007.00,4620120.00,1.0000000000
4620008.00,4620121.00,1.0000000000
4620009.00,4620051.00,1.0000000000
4620010.00,4620062.00,1.0000000000
4620011.00,4620061.00,1.0000000000
4620012.00,4620069.00,1.0000000000
4620013.00,4620070.00,1.0000000000
4620014.00,4620072.00,1.0000000000
4620015.00,4620071.00,1.0000000000
4620016.00,4620074.00,1.0000000000
4620017.00,4620073.00,1.0000000000
4620018.00,4620075.00,1.0000000000
4620019.00,4620077.00,1.0000000000
4620020.00,4620076.00,1.0000000000
4620021.00,4620078.00,1.0000000000
4620022.00,4620063.00,1.0000000000
4620023.00,4620065.00,1.0000000000
4620024.00,4620068.00,1.0000000000
4620025.00,4620067.00,1.0000000000
4620026.00,4620066.00,1.0000000000
4620027.00,4620064.00,1.0000000000
4620028.00,4620079.00,1.0000000000
4620029.00,4620081.00,1.0000000000
4620030.00,4620080.00,1.0000000000
4620031.00,4620082.00,1.0000000000
4620032.00,4620086.00,1.0000000000
4620033.00,4620085.00,1.0000000000
4620034.00,4620083.00,0.1329949618
4620034.00,4620084.00,0.8670050382
4620035.00,4620100.00,1.0000000000
4620036.00,4620098.00,1.0000000000
4620037.00,4620099.00,1.0000000000
4620038.00,4620095.00,1.0000000000
4620039.00,4620096.00,1.0000000000
4620040.00,4620097.00,1.0000000000
4620041.00,4620088.00,1.0000000000
4620042.00,4620093.00,1.0000000000
4620043.00,4620094.00,1.0000000000
4620044.00,4620089.00,0.3189264104
4620044.00,4620090.00,0.2239815243
4620044.00,4620091.00,0.2498145600
4620044.00,4620092.00,0.2072775053
4620045.00,4620087.00,1.0000000000
4620046.00,4620103.00,1.0000000000
4620047.00,4620104.00,1.0000000000
4620048.00,4620106.00,0.2597567727
4620048.00,4620107.00,0.1975218015
4620048.00,4620108.00,0.1566278824
4620048.00,4620109.00,0.2215774911
4620048.00,4620110.00,0.1645160523
4620049.00,4620105.00,1.0000000000
4620050.00,4620102.00,1.0000000000
4620051.00,4620101.00,1.0000000000
4620052.00,4620117.00,1.0000000000
4620053.00,4620116.00,1.0000000000
4620054.00,4620113.00,0.3687124810
4620054.00,4620114.00,0.2015757960
4620054.00,4620115.00,0.4297117230
4620055.00,4620126.00,1.0000000000
4620056.00,4620128.00,1.0000000000
4620057.00,4620127.00,1.0000000000
4620058.00,4620129.00,1.0000000000
4620059.00,4620130.00,1.0000000000
4620060.00,4620125.00,1.0000000000
4620061.00,4620124.00,1.0000000000
4620062.00,4620123.00,1.0000000000
4620063.00,4620122.00,1.0000000000
4620064.00,4620131.00,1.0000000000
4620065.00,4620132.00,1.0000000000
4620066.00,4620133.00,1.0000000000
4620067.00,4620134.00,1.0000000000
4620068.00,4620136.00,1.0000000000
4620069.00,4620135.00,1.0000000000
4620070.00,4620137.00,1.0000000000
4620071.00,4620138.00,1.0000000000
4620072.00,4620054.00,1.0000000000
4620073.00,4620053.00,1.0000000000
4620074.00,4620049.00,1.0000000000
4620075.00,4620055.00,1.0000000000
4620076.00,4620052.00,1.0000000000
4620077.00,4620050.00,1.0000000000
4620078.00,4620147.00,1.0000000000
4620079.00,4620146.00,1.0000000000
4620080.00,4620142.00,1.0000000000
4620081.00,4620141.00,1.0000000000
4620082.00,4620140.00,1.0000000000
4620083.00,4620139.00,1.0000000000
4620084.00,4620154.00,1.0000000000
4620085.00,4620143.00,1.0000000000
4620086.00,4620145.00,0.8673299896
4620086.00,4620146.00,0.1326700104
4620087.00,4620147.00,0.1031476261
4620087.00,4620148.00,0.8968523739
4620088.00,4620149.00,1.0000000000
4620089.00,4620144.00,1.0000000000
4620090.00,4620150.00,1.0000000000
4620091.00,4620151.00,1.0000000000
4620092.00,4620152.00,1.0000000000
4620093.00,4620153.00,1.0000000000
4620094.00,4620155.00,1.0000000000
4620095.00,4620156.00,1.0000000000
4620096.00,4620162.00,1.0000000000
4620097.00,4620163.00,1.0000000000
4620098.00,4620164.00,1.0000000000
4620099.00,4620161.00,1.0000000000
4620100.00,4620157.00,1.0000000000
4620101.00,4620160.00,1.0000000000
4620102.00,4620159.00,1.0000000000
4620103.00,4620158.00,1.0000000000
4620104.00,4620048.00,1.0000000000
4620105.00,4620046.00,1.0000000000
4620106.00,4620045.00,1.0000000000
4620107.00,4620047.00,1.0000000000
4620108.00,4620039.00,1.0000000000
4620109.00,4620044.00,1.0000000000
4620110.00,4620038.00,1.0000000000
4620111.00,4620037.00,1.0000000000
4620112.00,4620040.00,1.0000000000
4620113.00,4620041.00,1.0000000000
4620114.00,4620042.00,1.0000000000
4620115.00,4620043.00,1.0000000000
4620116.00,4620034.00,1.0000000000
4620117.00,4620035.00,1.0000000000
4620118.00,4620036.00,1.0000000000
4620119.00,4620030.00,1.0000000000
4620120.00,4620031.00,1.0000000000
4620121.00,4620032.00,1.0000000000
4620122.00,4620033.00,1.0000000000
4620123.00,4620029.00,1.0000000000
4620124.00,4620026.00,1.0000000000
4620125.00,4620027.00,1.0000000000
4620126.00,4620028.00,1.0000000000
4620127.00,4620018.00,1.0000000000
4620128.00,4620019.00,1.0000000000
4620129.00,4620023.00,1.0000000000
4620130.00,4620024.00,1.0000000000
4620131.00,4620025.00,1.0000000000
4620132.00,4620015.00,1.0000000000
4620133.00,4620022.00,1.0000000000
4620134.00,4620021.00,1.0000000000
4620135.00,4620020.00,1.0000000000
4620136.00,4620017.00,1.0000000000
4620137.00,4620014.00,1.0000000000
4620138.00,4620013.00,1.0000000000
4620139.00,4620012.00,1.0000000000
4620140.00,4620011.00,1.0000000000
4620141.00,4620010.00,1.0000000000
4620142.00,4620009.00,1.0000000000
4620143.00,4620016.00,1.0000000000
4620144.00,4620004.00,1.0000000000
4620145.00,4620003.00,1.0000000000
4620146.00,4620001.00,0.3963021759
4620146.00,4620002.00,0.1588908427
4620146.00,4620005.00,0.4448069814
4620147.00,4620006.00,0.6520522186
4620147.00,4620007.00,0.3479477814
4620148.00,4620008.00,1.0000000000
4620149.00,4620174.00,1.0000000000
4620150.00,4620170.00,0.8609385903
4620150.00,4620173.00,0.1390614097
4620151.00,4620172.00,1.0000000000
4620152.00,4620171.00,1.0000000000
4620153.00,4620168.00,1.0000000000
4620154.00,4620167.00,1.0000000000
4620155.00,4620169.00,1.0000000000
4620156.00,4620166.00,1.0000000000
4620157.00,4620180.00,1.0000000000
4620158.00,4620181.00,0.9999796933
4620158.00,4620341.00,0.0000203067
4620159.00,4620175.00,0.6239282725
4620159.00,4620176.00,0.2134213380
4620159.00,4620177.00,0.1626503895
4620160.00,4620178.00,0.6277350409
4620160.00,4620179.00,0.3722649591
4620161.00,4620165.00,1.0000000000
4620162.00,4620184.00,1.0000000000
4620163.00,4620185.00,1.0000000000
4620164.00,4620199.00,1.0000000000
4620165.00,4620186.00,1.0000000000
4620166.00,4620198.00,1.0000000000
4620167.00,4620197.00,1.0000000000
4620168.00,4620196.00,1.0000000000
4620169.00,4620203.00,1.0000000000
4620170.00,4620200.00,1.0000000000
4620171.00,4620201.00,1.0000000000
4620172.00,4620202.00,1.0000000000
4620173.00,4620204.00,1.0000000000
4620174.00,4620205.00,1.0000000000
4620175.00,4620206.00,1.0000000000
4620176.00,4620207.00,1.0000000000
4620177.00,4620208.00,1.0000000000
4620178.00,4620209.00,0.5046203256
4620178.00,4620210.00,0.4953796744
4620179.00,4620211.00,1.0000000000
4620180.00,4620212.00,1.0000000000
4620181.00,4620213.00,1.0000000000
4620182.00,4620214.00,1.0000000000
4620183.00,4620215.00,1.0000000000
4620184.00,4620216.00,1.0000000000
4620185.00,4620217.00,1.0000000000
4620186.00,4620218.00,1.0000000000
4620187.00,4620219.00,1.0000000000
4620188.00,4620220.00,1.0000000000
4620189.00,4620223.00,1.0000000000
4620190.00,4620222.00,1.0000000000
4620191.00,4620191.00,0.5890977188
4620191.00,4620192.00,0.2402653113
4620191.00,4620193.00,0.1706369699
4620192.00,4620195.00,1.0000000000
4620193.00,4620194.00,1.0000000000
4620194.00,4620183.00,1.0000000000
4620195.00,4620182.00,0.3081628068
4620195.00,4620188.00,0.6918371932
4620196.00,4620221.00,1.0000000000
4620197.00,4620187.00,0.1982295776
4620197.00,4620189.00,0.3611820593
4620197.00,4620190.00,0.4405883631
4620198.00,4620227.00,0.4975301409
4620198.00,4620228.00,0.5024698591
4620199.00,4620229.00,0.5158564911
4620199.00,4620230.00,0.2176065041
4620199.00,4620231.00,0.2665370049
4620200.00,4620232.00,0.5829251891
4620200.00,4620233.00,0.4170748109
4620201.00,4620234.00,0.3807669855
4620201.00,4620235.00,0.2638914946
4620201.00,4620236.00,0.3553415200
4620202.00,4620237.00,0.5365237278
4620202.00,4620238.00,0.4076418498
4620202.00,4620251.00,0.0558344223
4620203.00,4620226.00,1.0000000000
4620204.00,4620224.00,0.7011651218
4620204.00,4620225.00,0.2988348782
4620205.00,4620118.00,1.0000000000
4620206.00,4620111.00,1.0000000000
4620207.00,4620112.00,1.0000000000
4620208.00,4620279.00,1.0000000000
4620209.00,4620277.00,1.0000000000
4620210.00,4620276.00,1.0000000000
4620211.00,4620275.00,1.0000000000
4620212.00,4620273.00,1.0000000000
4620213.00,4620274.00,1.0000000000
4620214.00,4620278.00,1.0000000000
4620215.00,4620272.00,1.0000000000
4620216.00,4620269.00,1.0000000000
4620217.00,4620268.00,1.0000000000
4620218.00,4620267.00,1.0000000000
4620219.00,4620266.00,1.0000000000
4620220.00,4620265.00,1.0000000000
4620221.00,4620270.00,1.0000000000
4620222.00,4620271.00,1.0000000000
4620223.00,4620262.00,1.0000000000
4620224.00,4620261.00,1.0000000000
4620225.00,4620260.00,1.0000000000
4620226.00,4620317.00,1.0000000000
4620227.00,4620318.00,1.0000000000
4620228.00,4620319.00,1.0000000000
4620229.00,4620316.00,1.0000000000
4620230.00,4620320.00,1.0000000000
4620231.00,4620315.00,1.0000000000
4620232.00,4620314.00,1.0000000000
4620233.00,4620313.00,1.0000000000
4620234.00,4620310.00,0.1236374052
4620234.00,4620311.00,0.7541793761
4620234.00,4620312.00,0.1221832187
4620235.00,4620309.00,1.0000000000
4620236.00,4620308.00,1.0000000000
4620237.00,4620307.00,1.0000000000
4620238.00,4620306.00,0.9071979531
4620238.00,4620308.00,0.0928020469
4620239.00,4620305.00,1.0000000000
4620240.00,4620304.00,1.0000000000
4620241.00,4620301.00,0.1027305771
4620241.00,4620302.00,0.0566504185
4620241.00,4620303.00,0.8406190044
4620242.00,4620296.00,1.0000000000
4620243.00,4620295.00,1.0000000000
4620244.00,4620293.00,0.6278418834
4620244.00,4620294.00,0.3721581166
4620245.00,4620291.00,1.0000000000
4620246.00,4620292.00,1.0000000000
4620247.00,4620290.00,1.0000000000
4620248.00,4620286.00,1.0000000000
4620249.00,4620287.00,1.0000000000
4620250.00,4620288.00,1.0000000000
4620251.00,4620285.00,1.0000000000
4620252.00,4620284.00,1.0000000000
4620253.00,4620289.00,1.0000000000
4620254.00,4620280.00,1.0000000000
4620255.00,4620283.00,1.0000000000
4620256.00,4620281.00,1.0000000000
4620257.00,4620282.00,1.0000000000
4620258.00,4620360.00,1.0000000000
4620259.00,4620356.00,1.0000000000
4620260.00,4620354.00,1.0000000000
4620261.00,4620341.00,0.0356518642
4620261.00,4620342.00,0.0654981543
4620261.00,4620343.00,0.0629664980
4620261.00,4620344.00,0.0494637289
4620261.00,4620345.00,0.7864197546
4620262.00,4620351.00,0.2406256387
4620262.00,4620352.00,0.7593743613
4620263.00,4620350.00,1.0000000000
4620264.00,4620234.00,1.0000000000
4620265.00,4620250.00,1.0000000000
4620266.00,4620250.00,0.0498191663
4620266.00,4620251.00,0.9501808337
4620267.00,4620252.00,0.0910686542
4620267.00,4620253.00,0.2333551877
4620267.00,4620254.00,0.1595593647
4620267.00,4620255.00,0.5160167934
4620268.00,4620239.00,0.4044704423
4620268.00,4620260.00,0.3453435356
4620268.00,4620321.00,0.2501860221
4620269.00,4620256.00,0.9577523139
4620269.00,4620316.00,0.0422476861
4620270.00,4620324.00,1.0000000000
4620271.00,4620358.00,1.0000000000
4620272.00,4620004.00,0.0493266205
4620272.00,4620364.00,0.9506733795
4620400.00,4620331.00,1.0000000000
4620401.00,4620330.00,1.0000000000
4620402.00,4620338.00,1.0000000000
4620403.00,4620297.00,1.0000000000
4620404.00,4620326.00,1.0000000000
4620405.00,4620322.00,1.0000000000
4620406.00,4620362.00,1.0000000000
4620407.00,4620328.00,0.5707968217
4620407.00,4620329.00,0.4292031783
4620408.00,4620339.00,1.0000000000
4620409.00,4620333.00,1.0000000000
4620410.00,4620332.00,1.0000000000
4620411.00,4620335.00,1.0000000000
4620412.00,4620337.00,1.0000000000
4620413.00,4620324.00,0.2520652861
4620413.00,4620327.00,0.2159652523
4620413.00,4620328.00,0.5319694615
4620414.00,4620336.00,1.0000000000
4620415.00,4620256.00,0.6528472605
4620415.00,4620340.00,0.3471527395
4620416.00,4620334.00,1.0000000000
4620417.00,4620391.00,1.0000000000
4620418.00,4620387.00,0.0461947069
4620418.00,4620389.00,0.9538052931
4620419.00,4620387.00,1.0000000000
4620420.00,4620382.00,0.0820859015
4620420.00,4620383.00,0.9179140985
4620421.00,4620371.00,0.0302553626
4620421.00,4620372.00,0.0564753585
4620421.00,4620373.00,0.0894722723
4620421.00,4620374.00,0.4762658164
4620421.00,4620375.00,0.2987658214
4620421.00,4620376.00,0.0487653689
4620422.00,4620380.00,1.0000000000
4620423.00,4620365.00,0.3579168658
4620423.00,4620366.00,0.4364362141
4620423.00,4620367.00,0.2056469200
4620424.00,4620381.00,0.4100241174
4620424.00,4620382.00,0.5899758826
4620425.00,4620368.00,0.8682081798
4620425.00,4620370.00,0.1317907006
4620425.00,4620371.00,0.0000011195
4620426.00,4620384.00,0.8448881330
4620426.00,4620385.00,0.1551118670
4620427.00,4620385.00,0.6491660583
4620427.00,4620386.00,0.3508339417
5050001.00,5050001.00,1.0000000000
5050002.00,5050002.00,1.0000000000
5050003.00,5050003.00,1.0000000000
5050004.00,5050004.00,1.0000000000
5050005.00,5050005.00,1.0000000000
5050006.00,5050006.00,1.0000000000
5050007.00,5050007.00,1.0000000000
5050008.00,5050008.00,0.9999998875
5050008.00,5050402.00,0.0000001125
5050009.00,5050009.00,1.0000000000
5050010.00,5050010.00,1.0000000000
5050011.00,5050011.00,0.8686931120
5050011.00,5050012.00,0.1313068880
5050012.00,5050012.00,1.0000000000
5050013.00,5050013.00,1.0000000000
5050014.00,5050014.00,1.0000000000
5050015.00,5050015.00,1.0000000000
5050016.00,5050016.00,1.0000000000
5050017.00,5050017.00,1.0000000000
5050018.00,5050018.00,1.0000000000
5050019.00,5050019.00,1.0000000000
5050020.00,5050020.00,1.0000000000
5050021.00,5050021.00,1.0000000000
5050022.00,5050022.00,1.0000000000
5050023.00,5050023.00,1.0000000000
5050024.00,5050024.00,1.0000000000
5050025.00,5050025.00,1.0000000000
5050026.00,5050026.00,1.0000000000
5050027.00,5050027.00,1.0000000000
5050028.00,5050028.00,1.0000000000
5050029.00,5050029.00,1.0000000000
5050030.00,5050030.00,1.0000000000
5050031.00,5050031.00,1.0000000000
5050032.00,5050032.00,1.0000000000
5050033.00,5050033.00,1.0000000000
5050034.00,5050034.00,1.0000000000
5050035.00,5050035.00,1.0000000000
5050036.00,5050036.00,1.0000000000
5050037.00,5050037.00,1.0000000000
5050038.00,5050038.00,1.0000000000
5050039.00,5050039.00,1.0000000000
5050040.00,5050040.00,0.9999998194
5050040.00,5050402.00,0.0000001806
5050041.00,5050041.00,1.0000000000
5050042.00,5050042.00,0.8922363945
5050042.00,5050045.00,0.1077636055
5050043.00,5050043.00,1.0000000000
5050044.00,5050044.00,1.0000000000
5050045.00,5050045.00,1.0000000000
5050046.00,5050046.00,1.0000000000
5050047.00,5050047.00,1.0000000000
5050400.00,5050408.00,1.0000000000
5050401.00,5050409.00,1.0000000000
5050402.00,5050400.00,1.0000000000
5050403.00,5050404.00,1.0000000000
5050404.00,5050401.00,1.0000000000
5050405.00,5050045.00,0.0464785124
5050405.00,5050410.00,0.9535214876
5050406.00,5050405.00,1.0000000000
5050407.00,5050403.00,1.0000000000
5050408.00,5050406.00,1.0000000000
5050409.00,5050407.00,1.0000000000
5350001.00,5350001.00,1.0000000000
5350002.00,5350002.00,1.0000000000
5350003.00,5350003.00,1.0000000000
5350004.00,5350004.00,1.0000000000
5350005.00,5350005.00,1.0000000000
5350006.00,5350006.00,1.0000000000
5350007.00,5350007.00,1.0000000000
5350008.00,5350008.00,1.0000000000
5350009.00,5350009.00,1.0000000000
5350010.00,5350010.00,1.0000000000
5350011.00,5350011.00,1.0000000000
5350012.00,5350012.00,1.0000000000
5350013.00,5350013.00,1.0000000000
5350014.00,5350014.00,1.0000000000
5350015.00,5350015.00,1.0000000000
5350016.00,5350016.00,1.0000000000
5350017.00,5350017.00,1.0000000000
5350018.00,5350018.00,1.0000000000
5350019.00,5350019.00,1.0000000000
5350020.00,5350020.00,1.0000000000
5350021.00,5350021.00,1.0000000000
5350022.00,5350022.00,1.0000000000
5350023.00,5350023.00,1.0000000000
5350024.00,5350024.00,1.0000000000
5350025.00,5350025.00,1.0000000000
5350026.00,5350026.00,1.0000000000
5350027.00,5350027.00,1.0000000000
5350028.00,5350028.00,1.0000000000
5350029.00,5350029.00,1.0000000000
5350030.00,5350030.00,1.0000000000
5350031.00,5350031.00,1.0000000000
5350032.00,5350032.00,1.0000000000
5350033.00,5350033.00,1.0000000000
5350034.00,5350034.00,1.0000000000
5350035.00,5350035.00,1.0000000000
5350036.00,5350036.00,1.0000000000
5350037.00,5350037.00,1.0000000000
5350038.00,5350038.00,1.0000000000
5350039.00,5350039.00,1.0000000000
5350040.00,5350040.00,1.0000000000
5350041.00,5350041.00,1.0000000000
5350042.00,5350042.00,1.0000000000
5350043.00,5350043.00,1.0000000000
5350044.00,5350044.00,1.0000000000
5350045.00,5350045.00,1.0000000000
5350046.00,5350046.00,1.0000000000
5350047.00,5350047.00,1.0000000000
5350048.00,5350048.00,0.9160038151
5350048.00,5350049.00,0.0839961849
5350049.00,5350049.00,1.0000000000
5350050.00,5350050.00,1.0000000000
5350051.00,5350051.00,1.0000000000
5350052.00,5350052.00,1.0000000000
5350053.00,5350053.00,1.0000000000
5350054.00,5350054.00,1.0000000000
5350055.00,5350055.00,1.0000000000
5350056.00,5350056.00,1.0000000000
5350057.00,5350057.00,1.0000000000
5350058.00,5350058.00,1.0000000000
5350059.00,5350059.00,1.0000000000
5350060.00,5350060.00,1.0000000000
5350061.00,5350061.00,1.0000000000
5350062.00,5350062.00,1.0000000000
5350063.00,5350063.00,1.0000000000
5350064.00,5350064.00,1.0000000000
5350065.00,5350065.00,1.0000000000
5350066.00,5350066.00,1.0000000000
5350067.00,5350067.00,1.0000000000
5350068.00,5350068.00,1.0000000000
5350069.00,5350069.00,1.0000000000
5350070.00,5350070.00,1.0000000000
5350071.00,5350071.00,1.0000000000
5350072.00,5350072.00,1.0000000000
5350073.00,5350073.00,1.0000000000
5350074.00,5350074.00,1.0000000000
5350075.00,5350075.00,1.0000000000
5350076.00,5350076.00,1.0000000000
5350077.00,5350077.00,1.0000000000
5350078.00,5350078.00,1.0000000000
5350079.00,5350079.00,1.0000000000
5350080.00,5350080.00,1.0000000000
5350081.00,5350081.00,1.0000000000
5350082.00,5350082.00,1.0000000000
5350083.00,5350083.00,1.0000000000
5350084.00,5350084.00,1.0000000000
5350085.00,5350085.00,1.0000000000
5350086.00,5350086.00,1.0000000000
5350087.00,5350087.00,1.0000000000
5350088.00,5350088.00,1.0000000000
5350089.00,5350089.00,1.0000000000
5350090.00,5350090.00,1.0000000000
5350091.00,5350091.00,1.0000000000
5350092.00,5350092.00,1.0000000000
5350093.00,5350093.00,1.0000000000
5350094.00,5350094.00,1.0000000000
5350095.00,5350095.00,1.0000000000
5350096.00,5350096.00,1.0000000000
5350097.00,5350097.00,1.0000000000
5350098.00,5350098.00,1.0000000000
5350099.00,5350099.00,1.0000000000
5350100.00,5350100.00,1.0000000000
5350101.00,5350101.00,1.0000000000
5350102.00,5350102.00,1.0000000000
5350103.00,5350103.00,1.0000000000
5350104.00,5350104.00,1.0000000000
5350105.00,5350105.00,1.0000000000
5350106.00,5350106.00,1.0000000000
5350107.00,5350107.00,1.0000000000
5350108.00,5350108.00,1.0000000000
5350109.00,5350109.00,1.0000000000
5350110.00,5350110.00,1.0000000000
5350111.00,5350111.00,1.0000000000
5350112.00,5350112.00,1.0000000000
5350113.00,5350113.00,1.0000000000
5350114.00,5350114.00,1.0000000000
5350115.00,5350115.00,1.0000000000
5350116.00,5350116.00,1.0000000000
5350117.00,5350117.00,1.0000000000
5350118.00,5350118.00,1.0000000000
5350119.00,5350119.00,1.0000000000
5350120.00,5350120.00,1.0000000000
5350121.00,5350121.00,0.9570965005
5350121.00,5350178.00,0.0429034995
5350122.00,5350122.00,1.0000000000
5350123.00,5350123.00,1.0000000000
5350124.00,5350124.00,1.0000000000
5350125.00,5350125.00,1.0000000000
5350126.00,5350126.00,1.0000000000
5350127.00,5350127.00,1.0000000000
5350128.00,5350128.00,1.0000000000
5350129.00,5350129.00,1.0000000000
5350130.00,5350130.00,1.0000000000
5350131.00,5350131.00,1.0000000000
5350132.00,5350132.00,1.0000000000
5350133.00,5350133.00,1.0000000000
5350134.00,5350134.00,1.0000000000
5350135.00,5350135.00,1.0000000000
5350136.00,5350275.00,1.0000000000
5350137.00,5350274.00,1.0000000000
5350138.00,5350273.00,1.0000000000
5350139.00,5350271.00,1.0000000000
5350140.00,5350272.00,1.0000000000
5350141.00,5350265.00,0.3893364661
5350141.00,5350270.00,0.6106635339
5350142.00,5350269.00,1.0000000000
5350143.00,5350268.00,1.0000000000
5350144.00,5350263.00,0.1228893174
5350144.00,5350266.00,0.5824892650
5350144.00,5350267.00,0.2946214176
5350145.00,5350264.00,1.0000000000
5350146.00,5350262.00,1.0000000000
5350147.00,5350260.00,1.0000000000
5350148.00,5350259.00,1.0000000000
5350149.00,5350258.00,1.0000000000
5350150.00,5350261.00,1.0000000000
5350151.00,5350257.00,1.0000000000
5350152.00,5350254.00,1.0000000000
5350153.00,5350255.00,1.0000000000
5350154.00,5350256.00,1.0000000000
5350155.00,5350248.00,1.0000000000
5350156.00,5350249.00,1.0000000000
5350157.00,5350253.00,1.0000000000
5350158.00,5350252.00,1.0000000000
5350159.00,5350251.00,1.0000000000
5350160.00,5350250.00,1.0000000000
5350161.00,5350148.00,1.0000000000
5350162.00,5350144.00,1.0000000000
5350163.00,5350145.00,1.0000000000
5350164.00,5350146.00,1.0000000000
5350165.00,5350147.00,1.0000000000
5350166.00,5350140.00,1.0000000000
5350167.00,5350141.00,1.0000000000
5350168.00,5350142.00,1.0000000000
5350169.00,5350143.00,1.0000000000
5350170.00,5350149.00,1.0000000000
5350171.00,5350139.00,1.0000000000
5350172.00,5350239.00,1.0000000000
5350173.00,5350240.00,1.0000000000
5350174.00,5350244.00,1.0000000000
5350175.00,5350243.00,1.0000000000
5350176.00,5350245.00,1.0000000000
5350177.00,5350246.00,1.0000000000
5350178.00,5350247.00,1.0000000000
5350179.00,5350238.00,1.0000000000
5350180.00,5350241.00,1.0000000000
5350181.00,5350242.00,1.0000000000
5350182.00,5350237.00,1.0000000000
5350183.00,5350236.00,1.0000000000
5350184.00,5350234.00,1.0000000000
5350185.00,5350235.00,1.0000000000
5350186.00,5350233.00,1.0000000000
5350187.00,5350232.00,1.0000000000
5350188.00,5350226.00,1.0000000000
5350189.00,5350231.00,1.0000000000
5350190.00,5350230.00,1.0000000000
5350191.00,5350229.00,1.0000000000
5350192.00,5350227.00,0.2426006464
5350192.00,5350228.00,0.7573993536
5350193.00,5350150.00,1.0000000000
5350194.00,5350151.00,1.0000000000
5350195.00,5350152.00,1.0000000000
5350196.00,5350153.00,1.0000000000
5350197.00,5350215.00,1.0000000000
5350198.00,5350214.00,1.0000000000
5350199.00,5350213.00,1.0000000000
5350200.00,5350216.00,1.0000000000
5350201.00,5350217.00,0.3598487888
5350201.00,5350218.00,0.6401512112
5350202.00,5350221.00,1.0000000000
5350203.00,5350222.00,1.0000000000
5350204.00,5350223.00,1.0000000000
5350205.00,5350224.00,1.0000000000
5350206.00,5350202.00,1.0000000000
5350207.00,5350203.00,0.5532285465
5350207.00,5350204.00,0.4467714535
5350208.00,5350212.00,1.0000000000
5350209.00,5350211.00,1.0000000000
5350210.00,5350205.00,1.0000000000
5350211.00,5350219.00,1.0000000000
5350212.00,5350220.00,1.0000000000
5350213.00,5350225.00,1.0000000000
5350214.00,5350209.00,0.3705357606
5350214.00,5350210.00,0.6294642394
5350215.00,5350207.00,0.7015328133
5350215.00,5350208.00,0.2984671867
5350216.00,5350206.00,1.0000000000
5350217.00,5350201.00,1.0000000000
5350218.00,5350200.00,1.0000000000
5350219.00,5350193.00,1.0000000000
5350220.00,5350198.00,0.7525962275
5350220.00,5350199.00,0.2474037725
5350221.00,5350194.00,1.0000000000
5350222.00,5350197.00,1.0000000000
5350223.00,5350196.00,1.0000000000
5350224.00,5350195.00,1.0000000000
5350225.00,5350191.00,1.0000000000
5350226.00,5350192.00,1.0000000000
5350227.00,5350190.00,1.0000000000
5350228.00,5350138.00,0.1490748467
5350228.00,5350189.00,0.8509251533
5350229.00,5350136.00,1.0000000000
5350230.00,5350137.00,1.0000000000
5350231.00,5350138.00,1.0000000000
5350232.00,5350138.00,0.2068537738
5350232.00,5350182.00,0.7931462262
5350233.00,5350181.00,1.0000000000
5350234.00,5350180.00,1.0000000000
5350235.00,5350138.00,0.4362057987
5350235.00,5350183.00,0.5637942013
5350236.00,5350179.00,1.0000000000
5350237.00,5350184.00,1.0000000000
5350238.00,5350185.00,1.0000000000
5350239.00,5350178.00,1.0000000000
5350240.00,5350188.00,1.0000000000
5350241.00,5350187.00,1.0000000000
5350242.00,5350186.00,1.0000000000
5350243.00,5350177.00,1.0000000000
5350244.00,5350159.00,0.3514073148
5350244.00,5350161.00,0.0911486919
5350244.00,5350162.00,0.1484348143
5350244.00,5350163.00,0.1910436219
5350244.00,5350164.00,0.1154429803
5350244.00,5350165.00,0.1025225768
5350245.00,5350160.00,1.0000000000
5350246.00,5350158.00,1.0000000000
5350247.00,5350157.00,1.0000000000
5350248.00,5350168.00,1.0000000000
5350249.00,5350166.00,0.4952629319
5350249.00,5350167.00,0.5047370681
5350250.00,5350173.00,0.1934856813
5350250.00,5350174.00,0.8065143187
5350251.00,5350176.00,1.0000000000
5350252.00,5350175.00,1.0000000000
5350253.00,5350172.00,1.0000000000
5350254.00,5350171.00,1.0000000000
5350255.00,5350170.00,1.0000000000
5350256.00,5350155.00,0.3950623519
5350256.00,5350156.00,0.3635450288
5350256.00,5350169.00,0.2413926193
5350257.00,5350154.00,1.0000000000
5590001.00,5590001.00,1.0000000000
5590002.00,5590002.00,1.0000000000
5590003.00,5590003.00,1.0000000000
5590004.00,5590004.00,1.0000000000
5590005.00,5590005.00,1.0000000000
5590006.00,5590006.00,1.0000000000
5590007.00,5590007.00,1.0000000000
5590008.00,5590008.00,1.0000000000
5590009.00,5590009.00,1.0000000000
5590010.00,5590010.00,1.0000000000
5590011.00,5590011.00,1.0000000000
5590012.00,5590012.00,1.0000000000
5590013.00,5590013.00,1.0000000000
5590014.00,5590014.00,1.0000000000
5590015.00,5590015.00,1.0000000000
5590016.00,5590016.00,1.0000000000
5590017.00,5590017.00,1.0000000000
5590018.00,5590018.00,1.0000000000
5590019.00,5590019.00,1.0000000000
5590020.00,5590020.00,1.0000000000
5590021.00,5590021.00,1.0000000000
5590022.00,5590022.00,1.0000000000
5590023.00,5590023.00,1.0000000000
5590024.00,5590024.00,1.0000000000
5590025.00,5590025.00,1.0000000000
5590026.00,5590026.00,0.9999994718
5590026.00,5590039.50,0.0000005282
5590027.00,5590027.00,1.0000000000
5590028.00,5590028.00,1.0000000000
5590029.00,5590029.00,0.9999993431
5590029.00,5590044.50,0.0000006569
5590030.00,5590030.00,0.9999993853
5590030.00,5590044.50,0.0000006147
5590031.00,5590031.00,0.9999995682
5590031.00,5590044.50,0.0000004318
5590032.00,5590032.00,1.0000000000
5590033.00,5590033.00,1.0000000000
5590034.00,5590034.00,1.0000000000
5590035.00,5590035.00,0.9999962243
5590035.00,5590039.50,0.0000037757
5590036.00,5590036.00,1.0000000000
5590037.00,5590037.00,1.0000000000
5590038.00,5590038.00,0.9999995955
5590038.00,5590039.50,0.0000004045
5590039.00,5590039.00,1.0000000000
5590040.00,5590040.00,1.0000000000
5590041.00,5590041.00,0.9999994757
5590041.00,5590044.50,0.0000002614
5590041.00,5590045.50,0.0000002629
5590042.00,5590042.00,1.0000000000
5590043.00,5590043.00,0.9999994413
5590043.00,5590044.50,0.0000005587
5590044.00,5590044.00,1.0000000000
5590045.00,5590039.50,0.0000009304
5590045.00,5590045.00,0.9999981390
5590045.00,5590045.50,0.0000009306
6020001.00,6020001.00,1.0000000000
6020002.00,6020002.00,1.0000000000
6020003.00,6020003.00,1.0000000000
6020004.00,6020004.00,1.0000000000
6020005.00,6020005.00,1.0000000000
6020006.00,6020006.00,1.0000000000
6020007.00,6020007.00,1.0000000000
6020008.00,6020008.00,1.0000000000
6020009.00,6020009.00,1.0000000000
6020010.00,6020010.00,1.0000000000
6020011.00,6020011.00,1.0000000000
6020012.00,6020012.00,1.0000000000
6020013.00,6020013.00,1.0000000000
6020014.00,6020014.00,1.0000000000
6020015.00,6020015.00,1.0000000000
6020016.00,6020016.00,1.0000000000
6020017.00,6020017.00,0.9261680774
6020017.00,6020053.50,0.0738319226
6020018.00,6020018.00,1.0000000000
6020019.00,6020019.00,1.0000000000
6020020.00,6020020.00,1.0000000000
6020021.00,6020021.00,1.0000000000
6020022.00,6020022.00,1.0000000000
6020023.00,6020023.00,1.0000000000
6020024.00,6020024.00,1.0000000000
6020025.00,6020025.00,1.0000000000
6020026.00,6020026.00,1.0000000000
6020027.00,6020027.00,1.0000000000
6020028.00,6020028.00,1.0000000000
6020029.00,6020029.00,1.0000000000
6020030.00,6020030.00,1.0000000000
6020031.00,6020031.00,1.0000000000
6020032.00,6020032.00,1.0000000000
6020033.00,6020033.00,1.0000000000
6020034.00,6020034.00,1.0000000000
6020035.00,6020035.00,1.0000000000
6020036.00,6020036.00,1.0000000000
6020037.00,6020037.00,1.0000000000
6020038.00,6020038.00,1.0000000000
6020039.00,6020039.00,1.0000000000
6020040.00,6020040.00,1.0000000000
6020041.00,6020041.00,1.0000000000
6020042.00,6020042.00,1.0000000000
6020043.00,6020043.00,1.0000000000
6020044.00,6020044.00,1.0000000000
6020045.00,6020045.00,1.0000000000
6020046.00,6020046.00,1.0000000000
6020047.00,6020047.00,1.0000000000
6020048.00,6020048.00,1.0000000000
6020049.00,6020049.00,1.0000000000
6020050.00,6020050.00,1.0000000000
6020051.00,6020051.00,1.0000000000
6020052.00,6020052.00,1.0000000000
6020053.00,6020053.00,1.0000000000
6020053.50,6020053.50,1.0000000000
6020054.00,6020054.00,1.0000000000
6020055.00,6020055.00,1.0000000000
6020056.00,6020056.00,1.0000000000
6020057.00,6020057.00,1.0000000000
6020058.00,6020048.00,0.0624662573
6020058.00,6020058.00,0.9375337427
6020059.00,6020059.00,1.0000000000
6020060.00,6020060.00,1.0000000000
6020060.50,6020060.50,1.0000000000
6020061.00,6020061.00,1.0000000000
6020062.00,6020062.00,1.0000000000
6020062.50,6020062.50,1.0000000000
6020063.00,6020063.00,1.0000000000
6020064.00,6020064.00,1.0000000000
6020065.00,6020065.00,1.0000000000
6020065.50,6020065.50,1.0000000000
6020066.00,6020066.00,1.0000000000
6020067.00,6020067.00,1.0000000000
6020068.00,6020068.00,1.0000000000
6020069.00,6020069.00,1.0000000000
6020070.00,6020070.00,1.0000000000
6020071.00,6020071.00,1.0000000000
6020072.00,6020072.00,1.0000000000
6020073.00,6020073.00,1.0000000000
6020074.00,6020074.00,0.5510153822
6020074.00,6020075.00,0.4489846178
6020075.00,6020075.00,1.0000000000
6020076.00,6020076.00,1.0000000000
6020077.00,6020077.00,1.0000000000
6020078.00,6020078.00,1.0000000000
6020079.00,6020079.00,1.0000000000
6020080.00,6020080.00,1.0000000000
6020081.00,6020081.00,1.0000000000
6020082.00,6020082.00,1.0000000000
6020083.00,6020083.00,1.0000000000
6020084.00,6020084.00,1.0000000000
6020085.00,6020085.00,1.0000000000
6020086.00,6020086.00,1.0000000000
6020086.50,6020086.50,1.0000000000
7050001.00,7050009.00,0.2242627583
7050001.00,7050010.00,0.7757372417
7050002.00,7050006.00,1.0000000000
7050003.00,7050003.00,1.0000000000
7050004.00,7050002.00,1.0000000000
7050005.00,7050001.00,1.0000000000
7050006.00,7050004.00,1.0000000000
7050007.00,7050005.00,1.0000000000
7050008.00,7050007.00,1.0000000000
7050009.00,7050008.00,1.0000000000
7050010.00,7050011.00,1.0000000000
7250001.00,7250001.00,1.0000000000
7250002.00,7250002.00,1.0000000000
7250003.00,7250003.00,1.0000000000
7250004.00,7250004.00,1.0000000000
7250005.00,7250005.00,1.0000000000
7250006.00,7250006.00,1.0000000000
7250007.00,7250007.00,1.0000000000
7250008.00,7250008.00,1.0000000000
7250009.00,7250009.00,1.0000000000
8250001.00,8250014.00,0.1407460765
8250001.00,8250015.00,0.2613396870
8250001.00,8250016.00,0.5979141484
8250001.00,8250404.00,0.0000000881
8250002.00,8250017.00,0.6975135085
8250002.00,8250018.00,0.1424524406
8250002.00,8250019.00,0.1600340509
8250003.00,8250020.00,1.0000000000
8250004.00,8250013.00,1.0000000000
8250005.00,8250012.00,1.0000000000
8250006.00,8250005.00,0.4798114273
8250006.00,8250006.00,0.2698179864
8250006.00,8250007.00,0.2503705863
8250007.00,8250010.00,1.0000000000
8250008.00,8250011.00,1.0000000000
8250009.00,8250009.00,1.0000000000
8250010.00,8250008.00,1.0000000000
8250011.00,8250003.00,0.2891914379
8250011.00,8250004.00,0.7108085621
8250012.00,8250002.00,1.0000000000
8250013.00,8250001.00,1.0000000000
8250400.00,8250400.00,1.0000000000
8250401.00,8250401.00,1.0000000000
8250402.00,-1,0.0000000001
8250402.00,8250403.00,1.0000000000
8250403.00,-1,0.0000000001
8250403.00,8250005.00,0.0667804583
8250403.00,8250402.00,0.0000633239
8250403.00,8250403.00,0.9331561833
8250403.00,8250404.00,0.0000000346
8350001.00,8350001.00,0.5346287107
8350001.00,8350003.00,0.2526351389
8350001.00,8350004.00,0.2127361504
8350002.00,8350002.00,0.5620445304
8350002.00,8350005.00,0.0721367065
8350002.00,8350006.00,0.1705867739
8350002.00,8350007.00,0.1952319892
8350003.00,8350008.00,0.5330216303
8350003.00,8350013.00,0.3404952719
8350003.00,8350017.00,0.0789256727
8350003.00,8350018.00,0.0475574251
8350004.00,8350009.00,0.5253495085
8350004.00,8350014.00,0.4746504915
8350005.00,8350009.00,0.1387896979
8350005.00,8350010.00,0.7678974605
8350005.00,8350015.00,0.0933128416
8350006.00,8350015.00,1.0000000000
8350007.00,8350011.00,0.1537191798
8350007.00,8350012.00,0.3468761886
8350007.00,8350015.00,0.0553717881
8350007.00,8350016.00,0.4440328435
8350008.00,8350017.00,0.2332908883
8350008.00,8350018.00,0.2120762735
8350008.00,8350021.00,0.5546328381
8350009.00,8350019.00,1.0000000000
8350010.00,8350020.00,1.0000000000
8350011.00,8350022.00,0.7631778862
8350011.00,8350023.00,0.1744943954
8350011.00,8350030.00,0.0623277184
8350012.00,8350028.00,0.3021105693
8350012.00,8350029.00,0.1659342637
8350012.00,8350030.00,0.0946082302
8350012.00,8350033.00,0.3487030854
8350012.00,8350402.00,0.0886438515
8350013.00,8350024.00,0.1860439557
8350013.00,8350031.00,0.2727094856
8350013.00,8350034.00,0.5412465586
8350014.00,8350025.00,0.2132990222
8350014.00,8350026.00,0.2588792489
8350014.00,8350027.00,0.1852940227
8350014.00,8350032.00,0.3425277062
8350400.00,8350400.00,1.0000000000
8350401.00,8350401.00,0.9999997775
8350401.00,8350403.00,0.0000002225
8350402.00,8350402.00,1.0000000000
8350403.00,8350404.00,1.0000000000
9330001.00,9330001.00,0.9086827923
9330001.00,9330002.00,0.0913172077
9330002.00,9330002.00,1.0000000000
9330003.00,9330003.00,1.0000000000
9330004.00,9330004.00,1.0000000000
9330005.00,9330005.00,1.0000000000
9330006.00,9330006.00,0.5840410476
9330006.00,9330007.00,0.4159589524
9330007.00,9330008.00,0.2550361218
9330007.00,9330009.00,0.7449638782
9330008.00,9330011.00,0.5122322294
9330008.00,9330012.00,0.4877677706
9330009.00,9330010.00,1.0000000000
9330010.00,9330018.00,1.0000000000
9330011.00,9330019.00,1.0000000000
9330012.00,9330017.00,1.0000000000
9330013.00,9330020.00,1.0000000000
9330014.00,9330015.00,0.5484058601
9330014.00,9330016.00,0.4515941399
9330015.00,9330021.00,1.0000000000
9330016.00,9330014.00,1.0000000000
9330017.00,9330022.00,1.0000000000
9330018.00,9330013.00,1.0000000000
9330019.00,9330023.00,1.0000000000
9330020.00,9330037.00,1.0000000000
9330021.00,9330039.00,1.0000000000
9330022.00,9330036.00,1.0000000000
9330023.00,9330035.00,1.0000000000
9330024.00,9330034.00,1.0000000000
9330025.00,9330031.00,0.4858806801
9330025.00,9330032.00,0.5141193199
9330026.00,9330033.00,1.0000000000
9330027.00,9330029.00,0.4864125960
9330027.00,9330030.00,0.5135874040
9330028.00,9330028.00,1.0000000000
9330029.00,9330024.00,0.4362898780
9330029.00,9330025.00,0.5637101220
9330030.00,9330026.00,0.5307205286
9330030.00,9330027.00,0.4692794714
9330031.00,9330040.00,1.0000000000
9330032.00,9330041.00,0.3071229199
9330032.00,9330042.00,0.6928770801
9330033.00,9330043.00,0.5448860966
9330033.00,9330044.00,0.4551139034
9330034.00,9330045.00,0.2309076188
9330034.00,9330046.00,0.7690923812
9330035.00,9330047.00,1.0000000000
9330036.00,9330048.00,1.0000000000
9330037.00,9330049.00,1.0000000000
9330038.00,9330038.00,1.0000000000
9330039.00,9330076.00,1.0000000000
9330040.00,9330077.00,1.0000000000
9330041.00,9330078.00,1.0000000000
9330042.00,9330079.00,1.0000000000
9330043.00,9330080.00,1.0000000000
9330044.00,9330060.00,0.1752426017
9330044.00,9330063.00,0.1732286098
9330044.00,9330064.00,0.3073191816
9330044.00,9330065.00,0.2178697304
9330044.00,9330066.00,0.1263398765
9330045.00,9330061.00,0.1871360983
9330045.00,9330062.00,0.3978591409
9330045.00,9330063.00,0.3024236534
9330045.00,9330066.00,0.1125811074
9330046.00,9330062.00,1.0000000000
9330047.00,9330065.00,0.2438706739
9330047.00,9330066.00,0.0875844364
9330047.00,9330067.00,0.1670329607
9330047.00,9330073.00,0.3981937652
9330047.00,9330074.00,0.1033181639
9330048.00,9330066.00,0.2833721339
9330048.00,9330068.00,0.3646697530
9330048.00,9330072.00,0.3010871563
9330048.00,9330074.00,0.0508709568
9330049.00,9330069.00,0.3103742343
9330049.00,9330070.00,0.1213300402
9330049.00,9330071.00,0.3220347333
9330049.00,9330072.00,0.0496872140
9330049.00,9330074.00,0.1965737782
9330075.00,9330075.00,1.0000000000
9330093.00,9330093.00,1.0000000000
9330250.00,9330250.00,1.0000000000
9330251.00,9330251.00,1.0000000000
9330400.00,9330095.00,0.2627292532
9330400.00,9330096.00,0.2022243817
9330400.00,9330097.00,0.5350463650
9330401.00,9330099.00,1.0000000000
9330402.00,9330084.00,0.2380037017
9330402.00,9330085.00,0.1066725604
9330402.00,9330086.00,0.2024813782
9330402.00,9330087.00,0.3096518001
9330402.00,9330088.00,0.1431905595
9330403.00,9330089.00,0.1577928944
9330403.00,9330090.00,0.2497151898
9330403.00,9330091.00,0.3340391925
9330403.00,9330092.00,0.2584527233
9330404.00,-1,0.0000000001
9330404.00,9330098.00,1.0000000000
9330405.00,9330094.00,1.0000000000
9330406.00,9330111.00,0.1977555437
9330406.00,9330112.00,0.2062042863
9330406.00,9330113.00,0.1868859683
9330406.00,9330114.00,0.2333400284
9330406.00,9330115.00,0.0250646089
9330406.00,9330116.00,0.1507495645
9330407.00,9330100.00,0.2960528653
9330407.00,9330101.00,0.4141927015
9330407.00,9330102.00,0.2894767728
9330407.00,9330103.00,0.0000000757
9330407.00,9330104.00,0.0001735094
9330407.00,9330109.00,0.0001040752
9330408.00,9330081.00,0.3983696230
9330408.00,9330082.00,0.3625148576
9330408.00,9330083.00,0.2391155194
9350001.00,9350013.00,0.6200694339
9350001.00,9350014.00,0.3799305661
9350002.00,9350007.00,1.0000000000
9350003.00,9350006.00,1.0000000000
9350004.00,9350001.00,1.0000000000
9350005.00,9350002.00,1.0000000000
9350006.00,9350005.00,1.0000000000
9350007.00,9350008.00,1.0000000000
9350008.00,9350009.00,1.0000000000
9350009.00,9350004.00,1.0000000000
9350010.00,9350003.00,1.0000000000
9350011.00,9350019.00,0.5979977050
9350011.00,9350020.00,0.4020022950
9350012.00,9350021.00,1.0000000000
9350013.00,9350022.00,1.0000000000
9350014.00,9350017.00,0.6614070639
9350014.00,9350018.00,0.3385929361
9350015.00,9350023.00,1.0000000000
9350016.00,9350024.00,0.9999996708
9350016.00,9350025.00,0.0000003292
9350051.00,9350051.00,1.0000000000
9350400.00,9350015.00,0.3009938098
9350400.00,9350016.00,0.6990061902
Unknown,4620370.00,1.0000000000
-1,0010001.00,-1.0000000000
-1,0010002.00,-1.0000000000
-1,0010003.00,-1.0000000000
-1,0010004.00,-1.0000000000
-1,0010005.00,-1.0000000000
-1,0010006.00,-1.0000000000
-1,0010007.00,-1.0000000000
-1,0010008.00,-1.0000000000
-1,0010009.00,-1.0000000000
-1,0010010.00,-1.0000000000
-1,0010011.00,-1.0000000000
-1,0010012.00,-1.0000000000
-1,0010400.00,-1.0000000000
-1,0010401.00,-1.0000000000
-1,0010402.00,-1.0000000000
-1,0010403.00,-1.0000000000
-1,0010404.00,-1.0000000000
-1,0010405.00,-1.0000000000
-1,0010406.00,-1.0000000000
-1,0010407.00,-1.0000000000
-1,0010408.00,-1.0000000000
-1,0010409.00,-1.0000000000
-1,4210418.00,-1.0000000000
-1,4210424.00,-1.0000000000
-1,4620389.00,-1.0000000000
-1,5050401.00,-1.0000000000
-1,5050402.00,-1.0000000000
-1,5050407.00,-1.0000000000
-1,5050410.00,-1.0000000000
-1,5370001.00,-1.0000000000
-1,5370002.00,-1.0000000000
-1,5370003.00,-1.0000000000
-1,5370004.00,-1.0000000000
-1,5370005.00,-1.0000000000
-1,5370006.00,-1.0000000000
-1,5370007.00,-1.0000000000
-1,5370008.00,-1.0000000000
-1,5370009.00,-1.0000000000
-1,5370010.00,-1.0000000000
-1,5370011.00,-1.0000000000
-1,5370012.00,-1.0000000000
-1,5370013.00,-1.0000000000
-1,5370014.00,-1.0000000000
-1,5370015.00,-1.0000000000
-1,5370016.00,-1.0000000000
-1,5370017.00,-1.0000000000
-1,5370018.00,-1.0000000000
-1,5370019.00,-1.0000000000
-1,5370020.00,-1.0000000000
-1,5370021.00,-1.0000000000
-1,5370022.00,-1.0000000000
-1,5370023.00,-1.0000000000
-1,5370024.00,-1.0000000000
-1,5370025.00,-1.0000000000
-1,5370026.00,-1.0000000000
-1,5370027.00,-1.0000000000
-1,5370028.00,-1.0000000000
-1,5370029.00,-1.0000000000
-1,5370030.00,-1.0000000000
-1,5370031.00,-1.0000000000
-1,5370032.00,-1.0000000000
-1,5370033.00,-1.0000000000
-1,5370034.00,-1.0000000000
-1,5370035.00,-1.0000000000
-1,5370036.00,-1.0000000000
-1,5370037.00,-1.0000000000
-1,5370038.00,-1.0000000000
-1,5370039.00,-1.0000000000
-1,5370040.00,-1.0000000000
-1,5370041.00,-1.0000000000
-1,5370042.00,-1.0000000000
-1,5370043.00,-1.0000000000
-1,5370044.00,-1.0000000000
-1,5370045.00,-1.0000000000
-1,5370046.00,-1.0000000000
-1,5370047.00,-1.0000000000
-1,5370048.00,-1.0000000000
-1,5370049.00,-1.0000000000
-1,5370050.00,-1.0000000000
-1,5370051.00,-1.0000000000
-1,5370052.00,-1.0000000000
-1,5370053.00,-1.0000000000
-1,5370054.00,-1.0000000000
-1,5370055.00,-1.0000000000
-1,5370056.00,-1.0000000000
-1,5370057.00,-1.0000000000
-1,5370058.00,-1.0000000000
-1,5370059.00,-1.0000000000
-1,5370060.00,-1.0000000000
-1,5370061.00,-1.0000000000
-1,5370400.00,-1.0000000000
-1,5370401.00,-1.0000000000
-1,5370402.00,-1.0000000000
-1,5370403.00,-1.0000000000
-1,5370404.00,-1.0000000000
-1,5370405.00,-1.0000000000
-1,5370406.00,-1.0000000000
-1,5370407.00,-1.0000000000
-1,5370408.00,-1.0000000000
-1,5370409.00,-1.0000000000
-1,5370410.00,-1.0000000000
-1,5550001.00,-1.0000000000
-1,5550002.00,-1.0000000000
-1,5550003.00,-1.0000000000
-1,5550004.00,-1.0000000000
-1,5550005.00,-1.0000000000
-1,5550006.00,-1.0000000000
-1,5550007.00,-1.0000000000
-1,5550008.00,-1.0000000000
-1,5550009.00,-1.0000000000
-1,5550010.00,-1.0000000000
-1,5550011.00,-1.0000000000
-1,5550012.00,-1.0000000000
-1,5550013.00,-1.0000000000
-1,5550014.00,-1.0000000000
-1,5550015.00,-1.0000000000
-1,5550016.00,-1.0000000000
-1,5550017.00,-1.0000000000
-1,5550018.00,-1.0000000000
-1,5550019.00,-1.0000000000
-1,5550020.00,-1.0000000000
-1,5550021.00,-1.0000000000
-1,5550022.00,-1.0000000000
-1,5550023.00,-1.0000000000
-1,5550024.00,-1.0000000000
-1,5550025.00,-1.0000000000
-1,5550026.00,-1.0000000000
-1,5550027.00,-1.0000000000
-1,5550028.00,-1.0000000000
-1,5550029.00,-1.0000000000
-1,5550030.00,-1.0000000000
-1,5550031.00,-1.0000000000
-1,5550032.00,-1.0000000000
-1,5590039.50,-1.0000000000
-1,5590044.50,-1.0000000000
-1,5590045.50,-1.0000000000
-1,6020055.00,-1.0000000000
-1,7050001.00,-1.0000000000
-1,7050008.00,-1.0000000000
-1,7050010.00,-1.0000000000
-1,7050011.00,-1.0000000000
-1,7250001.00,-1.0000000000
-1,7250004.00,-1.0000000000
-1,7250005.00,-1.0000000000
-1,7250007.00,-1.0000000000
-1,7250009.00,-1.0000000000
-1,8250016.00,-1.0000000000
-1,8250017.00,-1.0000000000
-1,8250020.00,-1.0000000000
-1,8250402.00,-1.0000000000
-1,8250403.00,-1.0000000000
-1,8250404.00,-1.0000000000
-1,8350027.00,-1.0000000000
-1,8350402.00,-1.0000000000
-1,8350403.00,-1.0000000000
-1,9330092.00,-1.0000000000
-1,9330101.00,-1.0000000000
-1,9330103.00,-1.0000000000
-1,9330104.00,-1.0000000000
-1,9330105.00,-1.0000000000
-1,9330106.00,-1.0000000000
-1,9330107.00,-1.0000000000
-1,9330108.00,-1.0000000000
-1,9330109.00,-1.0000000000
-1,9330110.00,-1.0000000000
-1,9330251.00,-1.0000000000
-1,9350025.00,-1.0000000000
-1,9350026.00,-1.0000000000
-1,9350051.00,-1.0000000000
