ctuid,ct_pct
0010000000,0000
0010001.00,2449
0010002.00,0002
0010003.00,2450
0010004.00,2451
0010005.01,2452
0010005.02,2453
0010006.00,0006
0010007.00,0007
0010008.00,0008
0010009.00,0009
0010010.00,0010
0010011.00,0011
0010012.00,0012
0010013.00,0013
0010014.00,0014
0010015.01,2454
0010015.02,2455
0010015.03,3047
0010016.00,2456
0010100.01,3048
0010100.02,3049
0010170.00,2458
0010171.00,2459
0010172.00,2460
0010200.01,3050
0010200.02,3051
0010201.00,2462
0010202.00,2463
0010300.00,2464
0010301.01,3052
0010301.02,3053
0010302.00,2466
0010303.00,3984
2050000000,0000
2050001.00,0030
2050002.00,0031
2050003.00,0032
2050004.00,0033
2050005.00,0034
2050006.00,0035
2050007.00,0036
2050008.00,0037
2050009.00,0038
2050010.00,0039
2050011.00,0040
2050012.00,0041
2050013.00,0042
2050014.00,0043
2050015.00,0044
2050016.00,0045
2050017.00,0046
2050018.00,0047
2050019.00,0048
2050020.00,0049
2050021.00,0050
2050022.00,0051
2050023.00,0052
2050024.00,0053
2050025.01,3054
2050025.02,3055
2050026.00,0055
2050027.00,0056
2050100.00,0057
2050101.00,0058
2050102.00,0059
2050103.00,0060
2050104.01,3056
2050104.02,3057
2050105.01,3058
2050105.02,3059
2050106.00,0063
2050107.00,0064
2050108.00,0065
2050109.00,0066
2050110.00,0067
2050111.00,0068
2050112.00,0069
2050113.00,0070
2050114.00,0071
2050120.00,2467
2050121.01,3060
2050121.02,3061
2050122.00,2469
2050123.00,2470
2050130.00,2471
2050131.01,3062
2050131.02,3063
2050131.03,3064
2050132.00,2473
2050140.00,2833
2050141.00,2834
2050142.00,2685
2050143.00,2691
2050150.00,3012
2050151.00,3013
2050152.00,3014
3050000000,0000
3050001.00,2835
3050002.00,2836
3050003.00,2837
3050004.00,2838
3050005.00,2839
3050006.00,2840
3050007.00,2841
3050008.00,2842
3050009.00,2843
3050010.00,2844
3050011.00,2845
3050012.00,2846
3050013.00,2847
3050014.00,2849
3050015.00,3065
3050016.00,3066
3050100.00,3067
3050101.00,2850
3050102.00,2851
3100000000,0000
3100001.01,3068
3100001.02,3069
3100002.01,3070
3100002.02,3071
3100003.00,0077
3100004.00,0078
3100005.00,0079
3100006.00,0080
3100007.00,0081
3100008.00,0082
3100009.00,0083
3100010.00,0084
3100011.00,0085
3100012.00,0086
3100013.00,0087
3100014.00,0088
3100015.00,0089
3100016.00,0090
3100017.00,0091
3100018.00,0092
3100019.00,0093
3100020.00,0094
3100021.00,0095
3100022.00,0096
3100023.00,0097
3100024.00,0098
3100025.01,3072
3100025.02,3073
3100026.00,0100
3100027.01,3074
3100027.02,3075
3100028.00,0102
3100029.00,0103
3100100.00,2474
3100110.00,2476
3100120.00,2477
3100130.00,2475
4080000000,0000
4080001.00,2805
4080002.00,2806
4080003.00,2807
4080004.00,2808
4080005.00,2809
4080006.00,2810
4080007.00,2811
4080008.00,2812
4080100.00,2813
4080101.00,2814
4080102.00,2815
4080103.00,2816
4080104.00,2817
4080105.00,2818
4080106.00,2819
4080107.00,2820
4080108.00,2821
4080109.00,2822
4080110.00,2823
4080111.00,2824
4080120.00,2825
4080130.00,2826
4080131.00,2827
4080132.00,2828
4080133.00,2829
4080140.00,2830
4080150.00,2831
4210000000,0000
4210001.00,0118
4210002.00,0119
4210003.00,0120
4210004.00,0121
4210005.00,0122
4210006.00,0123
4210007.00,0124
4210008.00,0125
4210009.00,0126
4210010.00,0127
4210011.00,0128
4210012.00,0129
4210013.00,0130
4210014.00,0131
4210015.00,0132
4210016.00,0133
4210017.00,0134
4210018.00,0135
4210019.00,0136
4210020.00,0137
4210021.00,0138
4210022.00,0139
4210023.00,0140
4210024.00,0141
4210025.00,0142
4210026.00,0143
4210027.00,0144
4210028.00,0145
4210029.00,0146
4210030.00,0147
4210031.00,0148
4210032.00,0149
4210033.01,3076
4210033.02,3077
4210034.00,0151
4210035.00,0152
4210036.00,0153
4210037.00,0154
4210038.01,3078
4210038.02,3079
4210039.01,2655
4210039.02,2760
4210040.01,2478
4210040.02,2479
4210041.01,2480
4210041.02,2481
4210041.03,2482
4210100.00,0159
4210101.00,0160
4210102.00,0161
4210103.00,0162
4210110.00,0163
4210111.00,0164
4210112.01,3080
4210112.02,3081
4210113.01,3082
4210113.02,3083
4210114.00,0167
4210115.00,0168
4210116.00,0169
4210117.00,0170
4210118.00,0171
4210119.00,0172
4210120.00,0173
4210140.01,3084
4210140.02,3085
4210140.03,3086
4210160.01,2483
4210160.02,2484
4210160.03,3087
4210170.00,2485
4210190.00,0179
4210200.00,2698
4210210.00,2486
4210220.00,0182
4210230.00,0183
4210240.00,0184
4210260.01,2487
4210260.02,2488
4210260.03,2489
4210270.01,2490
4210270.02,2491
4210271.01,2492
4210271.02,2493
4210272.00,0188
4210273.01,2494
4210273.02,2495
4210280.01,2496
4210280.02,2497
4210280.03,2498
4210290.00,0191
4210300.00,0192
4210310.00,0193
4210311.01,2499
4210311.02,2500
4210320.01,2501
4210320.02,2502
4210320.03,2503
4210320.04,3088
4210330.00,0196
4210340.00,0197
4210350.00,0198
4210360.00,0199
4210370.00,0200
4210500.00,0202
4210510.00,0203
4210520.00,2699
4210530.00,2789
4210540.00,2790
4210600.00,0204
4210610.00,0205
4210700.00,2906
4210800.00,0206
4210801.00,0207
4210802.00,0208
4210810.00,0209
4210811.00,0210
4210812.00,0211
4210820.00,2505
4210825.00,2907
4210830.00,2506
4210835.00,2926
4210840.00,0214
4210845.00,2948
4210846.00,2512
4210850.00,0215
4330000000,0000
4330001.00,0216
4330002.00,0217
4330003.00,0218
4330004.00,0219
4330005.00,0220
4330006.00,2507
4330007.00,0222
4330008.00,2508
4330009.00,0224
4330010.00,0225
4330011.00,0226
4330012.00,0227
4330013.00,0228
4330014.00,0229
4330015.01,3089
4330015.02,3090
4330016.00,0231
4330017.00,0232
4330018.00,0233
4330019.00,0234
4330100.00,0235
4330110.01,3091
4330110.02,3092
4330111.01,3093
4330111.02,3094
4330111.03,3095
4330111.04,3096
4330112.00,3097
4330113.00,3098
4420000000,0000
4420001.00,0236
4420002.00,0237
4420003.00,0238
4420004.00,0239
4420005.00,0240
4420006.00,0241
4420007.00,0242
4420008.00,0243
4420009.00,0244
4420010.00,0245
4420011.00,0246
4420012.00,0247
4420013.00,0248
4420100.00,2509
4420101.00,2510
4420102.00,3099
4420200.00,0250
4420201.00,0251
4420202.00,0252
4420203.00,0253
4420204.00,0254
4420205.01,3100
4420205.02,3101
4420210.00,2786
4420211.00,3102
4620000000,0000
4620001.00,0257
4620002.00,0258
4620003.00,0259
4620004.00,0260
4620005.00,0261
4620006.00,0262
4620007.00,0263
4620008.00,0264
4620009.00,0265
4620010.00,0266
4620011.00,0267
4620012.01,2852
4620012.02,2853
4620013.00,0269
4620014.00,0270
4620015.00,0271
4620016.00,0272
4620017.00,0273
4620018.00,0274
4620019.00,0275
4620020.00,0276
4620021.00,0277
4620022.00,0278
4620023.00,0279
4620024.00,0280
4620025.00,0281
4620026.00,0282
4620027.00,0283
4620028.00,0284
4620029.00,0285
4620030.00,0286
4620031.00,0287
4620032.00,0288
4620033.00,0289
4620034.00,0290
4620035.00,0291
4620036.00,0292
4620037.00,0293
4620038.00,0294
4620039.00,0295
4620040.00,0296
4620041.00,0297
4620042.00,0298
4620043.00,0299
4620044.00,0300
4620045.00,0301
4620046.00,0302
4620047.00,0303
4620048.00,0304
4620049.00,0305
4620050.00,0306
4620051.00,0307
4620052.00,0308
4620053.00,0309
4620054.00,0310
4620055.00,0311
4620056.00,0312
4620057.00,0313
4620058.00,0314
4620059.00,0315
4620060.00,0316
4620061.00,0317
4620062.00,0318
4620063.00,0319
4620064.00,0320
4620065.01,3103
4620065.02,3104
4620066.01,3105
4620066.02,3106
4620067.00,0323
4620068.00,0324
4620069.00,0325
4620070.00,0326
4620071.00,0327
4620072.00,0328
4620073.00,0329
4620074.00,0330
4620075.00,0331
4620076.00,0332
4620077.00,0333
4620078.00,0334
4620079.00,0335
4620080.00,0336
4620081.00,0337
4620082.00,0338
4620083.00,0339
4620084.00,0340
4620085.00,0341
4620086.00,0342
4620087.00,0343
4620088.00,0344
4620089.00,0345
4620090.00,0346
4620091.00,0347
4620092.00,0348
4620093.00,0349
4620094.00,0350
4620095.00,0351
4620096.00,0352
4620097.01,2854
4620097.02,2855
4620098.00,0354
4620099.00,0355
4620100.00,0356
4620101.00,0357
4620102.00,0358
4620103.00,0359
4620104.00,0360
4620105.00,0361
4620106.00,0362
4620107.00,0363
4620108.00,0364
4620109.00,0365
4620110.00,0366
4620111.00,0367
4620112.00,0368
4620113.00,0369
4620114.00,0370
4620115.01,3107
4620115.02,3108
4620116.00,0372
4620117.00,0373
4620118.00,0374
4620119.00,0375
4620120.00,0376
4620121.00,0377
4620122.00,0378
4620123.00,0379
4620124.00,0380
4620125.00,0381
4620126.00,0382
4620127.00,0383
4620128.00,0384
4620129.00,0385
4620130.00,0386
4620131.00,0387
4620132.00,0388
4620133.00,0389
4620134.00,0390
4620135.00,0391
4620136.00,0392
4620137.00,0393
4620138.00,0394
4620139.00,0395
4620140.00,0396
4620141.00,0397
4620142.00,0398
4620143.00,0399
4620144.00,0400
4620145.00,0401
4620146.00,0402
4620147.00,0403
4620148.00,0404
4620149.00,0405
4620150.00,0406
4620151.00,0407
4620152.00,0408
4620153.00,0409
4620154.00,0410
4620155.00,0411
4620156.00,0412
4620157.00,0413
4620158.00,0414
4620159.00,0415
4620160.00,0416
4620161.00,0417
4620162.00,0418
4620163.00,0419
4620164.00,0420
4620165.00,0421
4620166.00,0422
4620167.00,0423
4620168.00,0424
4620169.00,0425
4620170.00,0426
4620171.00,0427
4620172.00,0428
4620173.00,0429
4620174.00,0430
4620175.00,0431
4620176.00,0432
4620177.00,0433
4620178.00,0434
4620179.00,0435
4620180.00,0436
4620181.00,0437
4620182.00,0438
4620183.00,0439
4620184.00,0440
4620185.00,0441
4620186.00,0442
4620187.00,0443
4620188.01,3109
4620188.02,3110
4620189.00,0445
4620190.00,0446
4620191.00,0447
4620192.00,0448
4620193.00,0449
4620194.00,0450
4620195.01,3111
4620195.02,3112
4620196.00,0452
4620197.00,0453
4620198.00,0454
4620199.00,0455
4620200.00,0456
4620201.00,0457
4620202.00,0458
4620203.00,0459
4620204.00,0460
4620205.00,0461
4620206.00,0462
4620207.00,0463
4620208.00,0464
4620209.00,0465
4620210.00,0466
4620211.00,0467
4620212.00,0468
4620213.00,0469
4620214.00,0470
4620215.00,0471
4620216.00,0472
4620217.00,0473
4620218.00,0474
4620219.00,0475
4620220.00,0476
4620221.00,0477
4620222.00,0478
4620223.01,3113
4620223.02,3114
4620224.00,0480
4620225.00,0481
4620226.00,0482
4620227.00,0483
4620228.00,0484
4620229.00,0485
4620230.00,0486
4620231.00,0487
4620232.00,0488
4620233.00,0489
4620234.00,0490
4620235.00,0491
4620236.00,0492
4620237.00,0493
4620238.00,0494
4620239.00,0495
4620240.00,0496
4620241.00,0497
4620242.00,0498
4620243.00,0499
4620244.00,0500
4620245.00,0501
4620246.00,0502
4620247.00,0503
4620248.00,0504
4620249.00,0505
4620250.00,0506
4620251.01,3115
4620251.02,3116
4620252.00,0508
4620253.00,0509
4620254.00,0510
4620255.00,0511
4620256.00,0512
4620257.00,0513
4620258.00,0514
4620259.00,0515
4620260.00,0516
4620261.00,0517
4620262.00,0518
4620263.00,0519
4620264.00,0520
4620265.00,0521
4620266.00,0522
4620267.00,0523
4620268.00,0524
4620269.00,0525
4620270.00,0526
4620271.00,0527
4620272.00,0528
4620273.00,0529
4620274.00,0530
4620275.00,0531
4620276.00,0532
4620277.00,0533
4620278.00,0534
4620279.00,0535
4620280.00,0536
4620281.00,0537
4620282.00,0538
4620283.01,2856
4620283.02,2857
4620284.00,0540
4620285.00,0541
4620286.00,0542
4620287.00,0543
4620288.00,0544
4620290.01,3117
4620290.02,3118
4620291.00,0547
4620300.00,0548
4620301.00,0549
4620302.00,0550
4620303.00,0551
4620304.00,0552
4620305.00,0553
4620306.00,0554
4620307.00,0555
4620308.00,0556
4620309.00,0557
4620310.00,0558
4620311.00,0559
4620312.00,0560
4620313.00,0561
4620314.00,0562
4620315.00,0563
4620316.00,0564
4620317.00,0565
4620320.00,0566
4620321.00,0567
4620322.01,2858
4620322.02,2859
4620323.00,0569
4620324.01,3119
4620324.02,3120
4620325.01,2860
4620325.02,2861
4620325.03,2862
4620325.04,3121
4620326.01,2863
4620326.02,2864
4620327.00,0573
4620328.00,2865
4620329.00,0575
4620330.00,0576
4620340.00,0577
4620350.00,0578
4620351.00,0579
4620352.00,0580
4620353.00,0581
4620354.00,0582
4620355.00,0583
4620356.00,0584
4620360.00,0585
4620361.00,0586
4620362.00,0587
4620363.00,0588
4620364.00,0589
4620365.00,0590
4620366.00,0591
4620367.00,0592
4620370.00,0593
4620380.00,0594
4620381.00,0595
4620382.01,3122
4620382.02,3123
4620383.00,0597
4620385.00,0599
4620390.00,0600
4620391.00,0601
4620392.00,0602
4620393.00,0603
4620394.00,0604
4620395.01,2866
4620395.02,2867
4620395.03,2868
4620396.00,0606
4620397.00,0607
4620400.00,0608
4620401.00,0609
4620402.00,0610
4620403.00,0611
4620404.00,0612
4620410.00,0613
4620411.00,0614
4620412.00,0615
4620413.00,0616
4620414.00,0617
4620415.00,0618
4620416.00,0619
4620417.00,0620
4620418.00,0621
4620419.00,0622
4620420.00,0623
4620421.00,0624
4620430.00,0625
4620431.00,0626
4620432.00,0627
4620433.00,0628
4620440.00,0629
4620450.00,0630
4620451.00,0631
4620452.00,0632
4620453.00,0633
4620460.00,0634
4620461.00,0635
4620462.01,3124
4620462.02,3125
4620470.01,3126
4620470.02,3127
4620480.00,0638
4620490.00,0639
4620491.00,0640
4620500.00,0641
4620510.00,0642
4620511.00,0643
4620512.01,3128
4620512.02,3129
4620513.00,0645
4620514.01,3130
4620514.02,3131
4620515.00,0647
4620520.01,2869
4620520.02,2870
4620521.01,3132
4620521.02,3133
4620522.00,0650
4620523.00,0651
4620530.00,0652
4620540.00,0653
4620550.00,0654
4620560.00,0655
4620570.00,0656
4620580.00,0657
4620581.00,0658
4620582.01,3134
4620582.02,3135
4620583.00,0660
4620584.00,0661
4620585.00,0662
4620590.01,2871
4620590.02,2872
4620591.01,2873
4620591.02,2874
4620592.00,0665
4620593.00,0666
4620594.00,0667
4620600.01,3136
4620600.02,3137
4620600.03,3138
4620601.01,3139
4620601.02,3140
4620602.01,3141
4620602.02,3142
4620603.01,2875
4620603.02,2876
4620603.03,3143
4620604.01,2877
4620604.02,2878
4620604.03,3144
4620604.04,3145
4620604.05,3146
4620605.01,2879
4620605.02,2880
4620605.03,3147
4620605.04,3148
4620605.05,3149
4620610.01,2881
4620610.02,2882
4620610.03,2883
4620610.04,2884
4620610.05,3150
4620610.06,3151
4620611.01,2885
4620611.02,2886
4620612.00,0676
4620613.00,0677
4620614.00,0678
4620615.00,0679
4620616.00,0680
4620617.01,2887
4620617.02,2888
4620618.00,0682
4620619.00,0683
4620625.00,0684
4620626.00,0685
4620627.00,0686
4620628.01,3152
4620628.02,3153
4620629.00,0688
4620630.01,2889
4620630.02,2890
4620631.00,0690
4620632.01,2891
4620632.02,2892
4620633.00,0692
4620634.00,0693
4620635.00,0694
4620636.00,0695
4620637.00,0696
4620638.01,2893
4620638.02,2894
4620638.03,2895
4620638.04,3154
4620639.00,0698
4620640.00,0699
4620641.01,3155
4620641.02,3156
4620642.00,0701
4620643.00,0702
4620644.00,0703
4620645.00,0704
4620646.01,2896
4620646.02,2897
4620646.03,2898
4620647.00,0706
4620648.00,0707
4620649.00,0708
4620650.01,2899
4620650.02,2900
4620650.03,2901
4620651.00,0710
4620652.01,2902
4620652.02,2903
4620653.00,0712
4620654.00,0713
4620655.00,0714
4620656.00,0715
4620657.01,3157
4620657.02,3158
4620658.01,3159
4620658.02,3160
4620658.03,3161
4620659.01,2904
4620659.02,2905
4620660.00,0719
4620661.01,3162
4620661.02,3163
4620662.00,0721
4620675.00,0722
4620676.01,3164
4620676.02,3165
4620676.03,3166
4620676.04,3167
4620677.00,0724
4620681.00,2693
4620682.00,0729
4620683.00,0730
4620684.00,0731
4620685.00,2908
4620686.00,2909
4620687.01,3168
4620687.02,3169
4620688.00,2694
4620700.01,2911
4620700.02,2912
4620701.00,0735
4620702.00,0736
4620703.00,0737
4620704.01,3170
4620704.02,3171
4620705.00,0739
4620706.00,0740
4620707.00,0741
4620708.00,0742
4620709.00,2913
4620710.00,2914
4620725.01,3172
4620725.02,3173
4620726.00,2916
4620727.00,2917
4620728.00,0747
4620729.00,0748
4620730.00,0749
4620731.00,0750
4620732.00,2695
4620750.00,2920
4620751.00,2921
4620755.00,0756
4620756.01,2922
4620756.02,2923
4620757.00,2924
4620758.00,2696
4620775.00,2925
4620800.00,0765
4620801.00,0766
4620802.00,0767
4620804.00,0769
4620805.00,0770
4620806.00,0771
4620807.00,0772
4620825.01,2927
4620825.02,2928
4620825.03,2929
4620825.04,2930
4620825.05,3174
4620826.01,3175
4620826.02,3176
4620827.01,2931
4620827.02,2932
4620828.00,0776
4620829.00,0777
4620830.00,0778
4620831.00,0779
4620832.00,0780
4620833.00,2697
4620850.00,0781
4620851.00,0782
4620852.01,2933
4620852.02,2934
4620853.00,0784
4620854.00,0785
4620855.01,3177
4620855.02,3178
4620856.00,0787
4620857.01,2935
4620857.02,2936
4620857.03,3179
4620858.01,3180
4620858.02,3181
4620858.03,3182
4620859.00,0790
4620860.01,3183
4620860.02,3184
4620861.00,0792
4620862.00,0793
4620863.01,3185
4620863.02,3186
4620864.00,0795
4620865.00,0796
4620866.00,0797
4620867.00,0798
4620868.01,2937
4620868.02,2938
4620869.00,0800
4620870.01,3187
4620870.02,3188
4620871.01,3189
4620871.02,3190
4620872.00,0803
4620873.01,3191
4620873.02,3192
4620874.00,0805
4620875.00,0806
4620876.01,3193
4620876.02,3194
4620877.00,0808
4620878.00,0809
4620879.01,2939
4620879.02,2940
4620880.00,0811
4620881.01,2941
4620881.02,2942
4620882.00,0813
4620883.00,0814
4620884.01,3195
4620884.02,3196
4620885.00,0816
4620886.00,0817
4620887.01,3197
4620887.02,3198
4620888.00,0819
4620889.01,2943
4620889.02,2944
4620889.03,2945
4620900.00,0821
4620901.00,0822
4620902.00,0823
4620903.01,3199
4620903.02,3200
4620904.00,2947
4620926.00,2949
4620929.00,0833
4620930.00,0834
5050000000,0000
5050001.01,2522
5050001.02,2523
5050002.01,3201
5050002.02,3202
5050002.03,3203
5050003.00,0838
5050004.00,0839
5050005.00,0840
5050006.00,0841
5050007.01,2524
5050007.02,2525
5050007.03,3204
5050008.00,0843
5050009.00,0844
5050010.00,0845
5050011.01,2526
5050011.02,2527
5050012.00,0847
5050013.00,0848
5050014.00,0849
5050015.00,0850
5050016.00,0851
5050017.00,0852
5050018.00,0853
5050019.00,0854
5050020.01,3205
5050020.02,3206
5050021.00,0856
5050022.00,0857
5050023.00,0858
5050024.00,0859
5050025.00,0860
5050026.00,0861
5050027.00,0862
5050028.00,0863
5050029.00,0864
5050030.00,0865
5050031.00,0866
5050032.01,3207
5050032.02,3208
5050033.01,3209
5050033.02,3210
5050034.00,0869
5050035.00,0870
5050036.00,0871
5050037.00,0872
5050038.00,0873
5050039.00,0874
5050040.00,0875
5050041.00,0876
5050042.00,0877
5050043.00,0878
5050044.00,0879
5050045.00,0880
5050046.00,0881
5050047.00,0882
5050048.00,0883
5050049.00,0884
5050050.00,0885
5050051.00,0886
5050052.00,0887
5050053.00,0888
5050054.00,0889
5050055.00,0890
5050056.00,0891
5050057.00,0892
5050058.00,0893
5050059.00,0894
5050060.00,0895
5050061.00,0896
5050062.01,2528
5050062.02,2529
5050100.00,0898
5050101.00,0899
5050102.00,0900
5050103.00,0901
5050104.00,0902
5050110.00,0903
5050120.01,2530
5050120.02,2531
5050120.03,3211
5050121.01,3212
5050121.02,3213
5050122.01,3214
5050122.02,3215
5050123.01,3216
5050123.02,3217
5050124.01,3218
5050124.02,3219
5050124.03,3220
5050125.01,3221
5050125.02,3222
5050125.03,3223
5050125.04,3224
5050126.00,2534
5050127.00,2535
5050130.01,3225
5050130.02,3226
5050131.01,2536
5050131.02,2537
5050132.00,0911
5050133.00,0912
5050134.00,0913
5050135.01,2538
5050135.02,2539
5050135.03,3227
5050136.01,3228
5050136.02,3229
5050137.01,3230
5050137.02,3231
5050137.03,3232
5050138.00,0917
5050139.00,0918
5050140.01,3233
5050140.02,3234
5050140.03,3235
5050141.00,2541
5050151.01,3236
5050151.02,3237
5050151.03,3238
5050160.01,3239
5050160.02,3240
5050160.03,3241
5050161.00,3242
5050162.00,3243
5050170.01,3244
5050170.02,3245
5050171.00,2545
5050180.00,3002
5050181.00,3003
5050190.00,3004
5050191.00,3005
5050200.00,3006
5050201.00,3246
5050500.00,0925
5050501.00,0926
5050502.00,0927
5050503.00,0928
5050504.00,0929
5050505.00,0930
5050506.00,0931
5050507.00,0932
5050508.00,0933
5050509.00,0934
5050510.01,3247
5050510.02,3248
5050511.01,3249
5050511.02,3250
5050600.00,0937
5050601.01,3251
5050601.02,3252
5050602.01,3253
5050602.02,3254
5050610.01,3255
5050610.02,3256
5050611.00,0941
5050612.01,3257
5050612.02,3258
5050613.01,3259
5050613.02,3260
5050620.01,3261
5050620.02,3262
5050630.00,0945
5050631.00,3263
5050700.01,3264
5050700.02,3265
5050800.00,0951
5050810.01,3266
5050810.02,3267
5050811.01,3268
5050811.02,3269
5050820.00,2517
5050821.00,2518
5050822.01,3270
5050822.02,3271
5050840.00,2520
5050841.01,3272
5050841.02,3273
5210000000,0000
5210001.00,0956
5210002.00,0957
5210003.00,0958
5210004.00,0959
5210005.00,0960
5210006.00,0961
5210007.00,0962
5210008.00,0963
5210009.00,0964
5210010.00,0965
5210011.00,0966
5210012.00,0967
5210013.00,0968
5210014.00,0969
5210015.00,0970
5210016.00,0971
5210100.01,3274
5210100.02,3275
5210101.00,2547
5210102.00,3276
5210103.00,3277
5210104.00,3278
5210105.00,3279
5210106.00,3280
5210107.00,3281
5210108.00,3282
5210109.00,3283
5210110.00,2548
5210111.01,3284
5210111.02,3285
5210112.01,3286
5210112.02,3287
5210112.03,3288
5210113.00,2551
5290000000,0000
5290001.00,0974
5290002.00,0975
5290003.00,0976
5290004.00,0977
5290005.00,0978
5290006.00,0979
5290007.00,0980
5290008.00,0981
5290009.01,3289
5290009.02,3290
5290010.00,0983
5290011.00,0984
5290012.00,0985
5290013.00,0986
5290014.00,0987
5290100.00,2552
5290101.00,3291
5290102.00,3292
5290103.00,3293
5290104.00,3294
5290105.00,3295
5320000000,0000
5320001.00,0990
5320002.01,2553
5320002.02,2554
5320002.03,3296
5320003.01,3297
5320003.02,3298
5320004.00,0993
5320005.00,0994
5320006.00,0995
5320007.00,0996
5320008.01,2555
5320008.02,2556
5320008.03,3299
5320008.04,3300
5320009.01,3301
5320009.02,3302
5320009.03,3303
5320010.00,0999
5320011.00,1000
5320012.00,1001
5320013.00,1002
5320014.01,3304
5320014.02,3305
5320015.00,2558
5320016.00,2559
5320100.00,1005
5320101.00,1006
5320102.00,1007
5320103.00,1008
5320104.00,1009
5320105.00,1010
5350000000,0000
5350001.00,1012
5350002.00,1013
5350003.00,1014
5350004.00,1015
5350005.00,1016
5350006.00,1017
5350007.00,1018
5350008.00,1019
5350009.00,1020
5350010.00,1021
5350011.00,1022
5350012.00,1023
5350013.00,1024
5350014.00,1025
5350015.00,1026
5350016.00,1027
5350017.00,1028
5350018.00,1029
5350019.00,1030
5350020.00,1031
5350021.00,1032
5350022.00,1033
5350023.00,1034
5350024.00,1035
5350025.00,1036
5350026.00,1037
5350027.00,1038
5350028.00,1039
5350029.00,1040
5350030.00,1041
5350031.00,1042
5350032.00,1043
5350033.00,1044
5350034.00,1045
5350035.00,1046
5350036.00,1047
5350037.00,1048
5350038.00,1049
5350039.00,1050
5350040.00,1051
5350041.00,1052
5350042.00,1053
5350043.00,1054
5350044.00,1055
5350045.00,1056
5350046.00,1057
5350047.00,1058
5350048.00,1059
5350049.00,1060
5350050.01,3306
5350050.02,3307
5350051.00,1062
5350052.00,1063
5350053.00,1064
5350054.00,1065
5350055.00,1066
5350056.00,1067
5350057.00,1068
5350058.00,1069
5350059.00,1070
5350060.00,1071
5350061.00,1072
5350062.00,1073
5350063.00,1074
5350064.00,1075
5350065.00,1076
5350066.00,1077
5350067.00,1078
5350068.00,1079
5350069.00,1080
5350070.00,1081
5350071.00,1082
5350072.00,1083
5350073.00,1084
5350074.00,1085
5350075.00,1086
5350076.00,1087
5350077.00,1088
5350078.00,1089
5350079.00,1090
5350080.00,1091
5350081.00,1092
5350082.00,1093
5350083.00,1094
5350084.00,1095
5350085.00,1096
5350086.00,1097
5350087.00,1098
5350088.00,1099
5350089.00,1100
5350090.00,1101
5350091.00,1102
5350092.00,1103
5350093.00,1104
5350094.00,1105
5350095.00,1106
5350096.00,1107
5350097.01,3308
5350097.02,3309
5350098.00,1109
5350099.00,1110
5350100.00,1111
5350101.00,1112
5350102.00,1113
5350103.00,1114
5350104.00,1115
5350105.00,1116
5350106.00,1117
5350107.00,1118
5350108.00,1119
5350109.00,1120
5350110.00,1121
5350111.00,1122
5350112.00,1123
5350113.00,1124
5350114.00,1125
5350115.00,1126
5350116.00,1127
5350117.00,1128
5350118.00,1129
5350119.00,1130
5350120.00,1131
5350121.00,1132
5350122.00,1133
5350123.00,1134
5350124.00,1135
5350125.00,1136
5350126.00,1137
5350127.00,1138
5350128.01,3310
5350128.02,3311
5350129.00,1140
5350130.00,1141
5350131.00,1142
5350132.00,1143
5350133.00,1144
5350134.00,1145
5350135.00,1146
5350136.00,1147
5350137.00,1148
5350138.00,1149
5350139.00,1150
5350140.00,1151
5350141.00,1152
5350142.00,1153
5350150.00,1154
5350151.00,1155
5350152.00,1156
5350153.00,1157
5350154.00,1158
5350155.00,1159
5350156.01,3312
5350156.02,3313
5350157.00,1161
5350158.00,1162
5350159.00,1163
5350160.00,1164
5350161.00,1165
5350162.00,1166
5350163.00,1167
5350164.00,1168
5350165.00,1169
5350166.00,1170
5350167.00,1171
5350168.00,1172
5350169.01,3314
5350169.02,3315
5350170.00,1174
5350171.00,1175
5350172.00,1176
5350173.00,1177
5350174.00,1178
5350175.01,3316
5350175.02,3317
5350176.00,1180
5350180.00,1181
5350181.00,1182
5350182.00,1183
5350183.00,1184
5350184.01,3318
5350184.02,3319
5350185.01,3320
5350185.02,3321
5350186.00,1187
5350187.00,1188
5350188.00,1189
5350189.00,1190
5350190.01,3322
5350190.02,3323
5350191.00,1192
5350192.00,1193
5350193.00,1194
5350194.00,1195
5350195.00,1196
5350196.00,1197
5350200.00,1198
5350201.00,1199
5350202.00,1200
5350203.00,1201
5350204.00,1202
5350205.00,1203
5350206.00,1204
5350207.00,1205
5350208.00,1206
5350209.00,1207
5350210.00,1208
5350211.00,1209
5350212.00,1210
5350213.00,1211
5350214.00,1212
5350215.00,1213
5350216.00,1214
5350217.00,1215
5350218.00,1216
5350219.00,1217
5350220.00,1218
5350221.01,3324
5350221.02,3325
5350222.01,3326
5350222.02,3327
5350223.00,1221
5350224.00,1222
5350225.00,1223
5350226.00,1224
5350227.00,1225
5350228.00,1226
5350229.00,1227
5350230.01,3328
5350230.02,3329
5350231.00,1229
5350232.00,1230
5350233.00,1231
5350234.00,1232
5350235.01,3330
5350235.02,3331
5350236.01,3332
5350236.02,3333
5350237.01,2560
5350237.02,2561
5350237.03,2562
5350238.01,3334
5350238.02,3335
5350239.00,1237
5350240.01,3336
5350240.02,3337
5350241.00,1239
5350242.00,1240
5350243.01,3338
5350243.02,3339
5350244.00,1242
5350245.00,1243
5350246.00,1244
5350247.00,1245
5350248.01,3340
5350248.02,3341
5350249.01,2563
5350249.02,2564
5350250.01,3342
5350250.02,3343
5350260.01,2565
5350260.02,2566
5350260.03,3344
5350261.00,1250
5350262.01,3345
5350262.02,3346
5350263.00,1252
5350264.00,1253
5350265.00,1254
5350266.00,1255
5350267.00,1256
5350268.00,1257
5350269.00,1258
5350270.01,3347
5350270.02,3348
5350271.00,1260
5350272.00,1261
5350273.01,3349
5350273.02,3350
5350274.00,1263
5350275.00,1264
5350276.01,3351
5350276.02,3352
5350277.00,1266
5350278.00,1267
5350279.01,3353
5350279.02,3354
5350280.00,1269
5350281.00,1270
5350282.00,1271
5350283.01,3355
5350283.02,3356
5350284.00,1273
5350285.00,1274
5350286.00,1275
5350287.01,3357
5350287.02,3358
5350288.00,1277
5350289.00,1278
5350290.00,1279
5350291.00,1280
5350292.00,1281
5350293.00,1282
5350294.01,3359
5350294.02,3360
5350295.00,1284
5350296.00,1285
5350297.01,3361
5350297.02,3362
5350298.00,1287
5350299.00,1288
5350300.00,1289
5350301.01,2567
5350301.02,2568
5350302.01,3363
5350302.02,3364
5350303.00,1292
5350304.01,2569
5350304.02,2570
5350304.03,2571
5350304.04,2572
5350304.05,3365
5350304.06,3366
5350305.00,1294
5350306.00,1295
5350307.00,1296
5350308.01,3367
5350308.02,3368
5350309.00,1298
5350310.00,1299
5350311.01,2573
5350311.02,2574
5350311.03,2575
5350311.04,2576
5350312.01,2577
5350312.02,2578
5350312.03,2579
5350312.04,3369
5350313.00,1302
5350314.00,1303
5350315.01,2580
5350315.02,2581
5350316.01,2582
5350316.02,2583
5350317.01,3370
5350317.02,3371
5350318.00,1307
5350319.00,1308
5350320.01,3372
5350320.02,3373
5350321.00,1310
5350322.00,1311
5350323.01,3374
5350323.02,3375
5350324.01,2584
5350324.02,2585
5350324.03,2586
5350324.04,3376
5350330.00,1314
5350331.01,3377
5350331.02,3378
5350332.00,1316
5350333.00,1317
5350334.00,1318
5350335.00,1319
5350336.00,1320
5350337.00,1321
5350338.00,1322
5350339.00,1323
5350340.00,1324
5350341.01,3379
5350341.02,3380
5350342.00,1326
5350343.00,1327
5350344.00,1328
5350345.00,1329
5350346.01,3381
5350346.02,3382
5350347.00,1331
5350348.00,1332
5350349.00,1333
5350350.00,1334
5350351.00,1335
5350352.00,1336
5350353.01,3383
5350353.02,3384
5350354.00,1338
5350355.01,3385
5350355.02,3386
5350356.00,1340
5350357.01,3387
5350357.02,3388
5350358.01,3389
5350358.02,3390
5350358.03,3391
5350359.00,1343
5350360.00,1344
5350361.00,1345
5350362.00,1346
5350363.01,3392
5350363.02,3393
5350363.03,3394
5350364.01,3395
5350364.02,3396
5350365.00,1349
5350366.00,1350
5350367.01,3397
5350367.02,3398
5350368.00,1352
5350369.00,1353
5350370.01,3399
5350370.02,3400
5350370.03,3401
5350371.00,1355
5350372.00,1356
5350373.00,1357
5350374.01,3402
5350374.02,3403
5350374.03,3404
5350375.01,2587
5350375.02,2588
5350375.03,2589
5350375.04,3405
5350375.05,3406
5350376.01,2590
5350376.02,2591
5350376.03,3407
5350377.01,3408
5350377.02,3409
5350377.03,3410
5350378.01,3411
5350378.02,3412
5350378.03,3413
5350400.01,2592
5350400.02,2593
5350400.03,3414
5350401.01,3415
5350401.02,3416
5350402.01,2594
5350402.02,2595
5350402.03,2596
5350402.04,3417
5350402.05,3418
5350402.06,3419
5350402.07,3420
5350402.08,3421
5350403.00,1366
5350410.00,2597
5350411.00,2598
5350412.01,3422
5350412.02,3423
5350413.00,2600
5350420.00,1368
5350421.01,3424
5350421.02,3425
5350422.01,2601
5350422.02,2602
5350423.01,3426
5350423.02,3427
5350424.00,1372
5350430.00,2603
5350431.00,2604
5350440.00,1374
5350441.00,1375
5350442.01,3428
5350442.02,3429
5350450.00,1377
5350451.01,3430
5350451.02,3431
5350452.01,3432
5350452.02,3433
5350455.00,2649
5350456.01,3434
5350456.02,3435
5350460.00,2605
5350461.00,2606
5350500.01,3436
5350500.02,3437
5350501.01,3438
5350501.02,3439
5350502.01,3440
5350502.02,3441
5350503.00,1384
5350504.00,1385
5350505.01,3442
5350505.02,3443
5350506.00,1387
5350507.00,1388
5350508.00,1389
5350509.01,3444
5350509.02,3445
5350510.00,1391
5350511.01,3446
5350511.02,3447
5350512.00,1393
5350513.01,3448
5350513.02,3449
5350513.03,3450
5350514.00,1395
5350515.00,1396
5350516.01,3451
5350516.02,3452
5350516.03,3453
5350516.04,3454
5350516.05,3455
5350516.06,3456
5350516.07,3457
5350516.08,3458
5350516.09,3459
5350517.00,1398
5350518.00,1399
5350519.00,1400
5350520.01,3460
5350520.02,3461
5350521.01,3462
5350521.02,3463
5350521.03,3464
5350521.04,3465
5350521.05,3466
5350522.00,1403
5350523.00,1404
5350524.01,3467
5350524.02,3468
5350525.01,3469
5350525.02,3470
5350526.01,3471
5350526.02,3472
5350527.01,3473
5350527.02,3474
5350528.00,1409
5350529.01,3475
5350529.02,3476
5350530.00,1411
5350531.01,3477
5350531.02,3478
5350532.01,3479
5350532.02,3480
5350540.01,3481
5350540.02,3482
5350550.01,3483
5350550.02,3484
5350560.00,1416
5350561.00,1417
5350562.01,3485
5350562.02,3486
5350562.03,3487
5350562.04,3488
5350562.05,3489
5350562.06,3490
5350562.07,3491
5350562.08,3492
5350562.09,3493
5350563.01,3494
5350563.02,3495
5350564.00,1420
5350570.01,3496
5350570.02,3497
5350571.01,3498
5350571.02,3499
5350572.00,1424
5350573.01,3500
5350573.02,3501
5350574.00,1426
5350575.01,3502
5350575.02,3503
5350575.03,3504
5350575.04,3505
5350576.01,3506
5350576.02,3507
5350576.03,3508
5350585.01,3509
5350585.02,3510
5350585.03,3511
5350586.00,2608
5350587.00,3045
5350600.00,1431
5350601.00,1432
5350602.00,1433
5350603.00,1434
5350604.00,1435
5350605.00,1436
5350606.00,1437
5350607.00,1438
5350608.00,1439
5350609.00,1440
5350610.00,1441
5350611.00,1442
5350612.00,1443
5350613.00,1444
5350614.00,1445
5350615.00,1446
5350800.01,3512
5350800.02,3513
5350801.01,3514
5350801.02,3515
5350802.00,1454
5350803.00,1455
5350804.01,3516
5350804.02,3517
5350805.00,1457
5350806.00,1458
5350807.00,1459
5350810.01,3518
5350810.02,3519
5350810.03,3520
5350810.04,3521
5350811.00,1461
5350812.00,1462
5350820.00,1463
5370000000,0000
5370001.01,3522
5370001.02,3523
5370001.03,3524
5370002.01,3525
5370002.02,3526
5370002.03,3527
5370003.01,3528
5370003.02,3529
5370003.03,3530
5370003.04,3531
5370004.01,3532
5370004.02,3533
5370005.01,3534
5370005.02,3535
5370005.03,3536
5370006.00,1469
5370007.00,1470
5370008.00,1471
5370009.00,1472
5370010.00,1473
5370011.00,1474
5370012.00,1475
5370013.00,1476
5370014.00,1477
5370015.00,1478
5370016.00,1479
5370017.00,1480
5370018.00,1481
5370019.00,1482
5370020.00,1483
5370021.00,1484
5370022.00,1485
5370023.00,1486
5370024.00,1487
5370025.00,1488
5370026.01,3537
5370026.02,3538
5370026.03,3539
5370026.04,3540
5370026.05,3541
5370027.00,1490
5370028.00,1491
5370029.00,1492
5370030.00,1493
5370031.00,1494
5370032.00,1495
5370033.00,1496
5370034.00,1497
5370035.00,1498
5370036.00,1499
5370037.00,1500
5370038.00,1501
5370039.00,1502
5370040.00,1503
5370041.00,1504
5370042.00,1505
5370043.00,1506
5370044.00,1507
5370045.00,1508
5370046.00,1509
5370047.00,1510
5370048.00,1511
5370049.00,1512
5370050.00,1513
5370051.00,1514
5370052.00,1515
5370053.00,1516
5370054.00,1517
5370055.00,1518
5370056.00,1519
5370057.00,1520
5370058.00,1521
5370059.00,1522
5370060.00,1523
5370061.00,1524
5370062.00,1525
5370063.00,1526
5370064.00,1527
5370065.00,1528
5370066.00,1529
5370067.00,1530
5370068.00,1531
5370069.00,1532
5370070.00,1533
5370071.00,1534
5370072.01,3542
5370072.02,3543
5370072.03,3544
5370072.04,3545
5370073.00,1536
5370080.01,3546
5370080.02,3547
5370081.00,2611
5370082.00,2612
5370083.00,2613
5370084.01,3548
5370084.02,3549
5370085.00,2615
5370086.00,2616
5370100.00,1539
5370101.00,2788
5370120.00,2617
5370121.00,2618
5370122.00,2619
5370123.00,2620
5370124.00,2621
5370130.00,2622
5370131.00,2623
5370132.00,2624
5370133.00,2625
5370140.00,2626
5370141.00,2627
5370142.00,2628
5370143.00,2629
5370144.00,2630
5370200.00,1546
5370201.00,1547
5370202.00,1548
5370203.00,1549
5370204.00,1550
5370205.00,1551
5370206.00,1552
5370207.01,3550
5370207.02,3551
5370208.00,1554
5370209.00,1555
5370210.00,1556
5370211.00,1557
5370212.00,1558
5370213.00,1559
5370214.00,1560
5370215.00,1561
5370216.00,1562
5370217.01,3552
5370217.02,3553
5370218.00,1564
5370219.00,1565
5370220.00,1566
5370221.00,1567
5370222.00,1568
5370223.00,1569
5370224.00,2631
5370300.00,3015
5370301.00,3016
5370302.00,3017
5370303.00,3018
5390000000,0000
5390001.00,1573
5390002.00,1574
5390003.00,1575
5390004.00,1576
5390005.00,1577
5390006.00,1578
5390007.01,3554
5390007.02,3555
5390008.00,1580
5390009.00,1581
5390010.00,1582
5390011.00,1583
5390012.01,3556
5390012.02,3557
5390013.01,3558
5390013.02,3559
5390014.01,2632
5390014.02,2633
5390014.03,3560
5390015.00,1587
5390016.01,3561
5390016.02,3562
5390017.01,3563
5390017.02,3564
5390018.01,3565
5390018.02,3566
5390018.03,3567
5390019.00,1591
5390020.00,1592
5390100.00,2634
5390101.00,2635
5390102.00,2636
5390110.00,2637
5390111.00,2638
5390112.00,2639
5390200.00,1595
5390201.00,1596
5390202.00,1597
5390203.01,3568
5390203.02,3569
5390204.00,1599
5390205.00,1600
5390206.00,1601
5390207.00,1602
5390208.00,1603
5390209.01,3570
5390209.02,3571
5390210.00,1605
5390211.00,1606
5390212.00,1607
5390213.00,1608
5390214.00,1609
5390215.00,1610
5390220.00,2640
5390221.00,2641
5390230.00,2647
5390300.00,1612
5390301.00,1613
5390302.00,1614
5390303.00,1615
5390304.00,1616
5390305.00,1617
5390306.00,1618
5390307.00,1619
5390308.00,1620
5390309.00,1621
5390310.00,1622
5390311.00,1623
5390320.00,2642
5390321.00,2643
5390322.00,2644
5390323.00,2645
5390324.00,2646
5410000000,0000
5410001.00,2652
5410002.01,2653
5410002.02,2654
5410003.00,1628
5410004.01,3572
5410004.02,3573
5410005.00,1630
5410006.00,1631
5410007.00,1632
5410008.01,2656
5410008.02,2657
5410009.00,2658
5410010.00,1635
5410011.00,1636
5410012.00,1637
5410013.00,1638
5410014.01,2659
5410014.02,2660
5410015.00,2661
5410016.00,1641
5410017.00,1642
5410018.00,1643
5410019.00,2662
5410020.00,1645
5410021.00,1646
5410022.00,2663
5410023.00,1648
5410024.00,2668
5410025.00,2665
5410100.00,1649
5410101.01,3574
5410101.02,3575
5410101.03,3576
5410102.00,1651
5410103.00,1652
5410104.00,1653
5410105.00,1654
5410106.01,3577
5410106.02,3578
5410106.03,3579
5410107.00,1656
5410108.00,2666
5410109.00,2667
5410110.00,2669
5410111.01,3580
5410111.02,3581
5410120.00,2671
5410121.00,2672
5410122.00,2673
5410123.00,2674
5410124.00,2675
5410125.00,2676
5410126.01,3582
5410126.02,3583
5410126.03,3584
5410127.01,3585
5410127.02,3586
5410128.00,2679
5410129.00,2680
5410130.00,2681
5410131.00,2682
5410140.00,2670
5430000000,0000
5430001.00,1671
5430002.00,1672
5430003.00,1673
5430004.00,1674
5430005.00,1675
5430006.00,1676
5430007.00,1677
5430008.00,1678
5430009.00,1679
5430010.00,1680
5430011.00,1681
5430012.00,1682
5430013.00,1683
5430014.01,3587
5430014.02,3588
5430014.03,3589
5430014.04,3590
5430100.00,2683
5430101.00,2684
5430102.00,2688
5430110.00,1686
5500000000,0000
5500001.01,3591
5500001.02,3592
5500001.03,3593
5500002.00,1688
5500003.00,2686
5500004.00,2687
5500005.00,1691
5500006.00,1692
5500007.00,1693
5500008.00,1694
5500009.01,3594
5500009.02,3595
5500010.00,1696
5500011.00,1697
5500012.00,1698
5500013.01,3596
5500013.02,3597
5500014.00,2690
5500100.00,3598
5550000000,0000
5550001.01,3599
5550001.02,3600
5550001.03,3601
5550002.01,3602
5550002.02,3603
5550002.03,3604
5550003.00,1703
5550004.00,1704
5550005.01,3605
5550005.02,3606
5550006.01,3607
5550006.02,3608
5550006.03,3609
5550007.00,1707
5550008.00,1708
5550009.01,3610
5550009.02,3611
5550010.01,3612
5550010.02,3613
5550011.00,1711
5550012.00,1712
5550013.00,1713
5550014.00,1714
5550015.00,1715
5550016.00,1716
5550017.00,1717
5550018.00,1718
5550019.00,1719
5550020.01,3614
5550020.02,3615
5550021.00,1721
5550022.00,1722
5550023.00,1723
5550024.00,1724
5550025.00,1725
5550026.00,1726
5550027.01,3616
5550027.02,3617
5550028.00,1728
5550029.00,1729
5550030.00,1730
5550031.00,1731
5550032.00,1732
5550033.00,1733
5550034.00,1734
5550035.00,1735
5550036.00,1736
5550037.00,1737
5550038.00,1738
5550039.00,1739
5550040.00,1740
5550041.00,1741
5550042.00,1742
5550043.00,1743
5550044.01,3618
5550044.02,3619
5550044.03,3620
5550044.04,3621
5550045.00,1745
5550046.00,1746
5550047.00,1747
5550048.00,1748
5550049.00,1749
5550050.00,1750
5550051.00,1751
5550100.00,1752
5550110.00,1753
5550120.00,1754
5550130.00,1755
5550140.00,2832
5550230.00,2791
5590000000,0000
5590001.00,1760
5590002.00,1761
5590003.00,1762
5590004.00,1763
5590005.00,1764
5590006.00,1765
5590007.00,1766
5590008.00,1767
5590009.00,1768
5590010.00,1769
5590011.00,1770
5590012.00,1771
5590013.00,1772
5590014.00,1773
5590015.00,1774
5590016.00,1775
5590017.00,1776
5590018.01,3622
5590018.02,3623
5590019.01,3624
5590019.02,3625
5590019.03,3626
5590020.00,1779
5590021.00,1780
5590022.00,1781
5590023.00,1782
5590024.00,1783
5590025.00,1784
5590026.00,1785
5590027.00,1786
5590028.00,1787
5590029.00,1788
5590030.00,1789
5590031.00,1790
5590032.00,1791
5590033.00,1792
5590034.00,1793
5590035.00,1794
5590036.00,1795
5590037.00,1796
5590038.00,1797
5590039.00,1798
5590040.00,1799
5590041.00,1800
5590042.00,1801
5590043.00,1802
5590100.00,1803
5590101.00,1804
5590102.00,1805
5590110.00,1806
5590120.00,2700
5590130.00,2701
5590140.00,2702
5590150.00,2703
5590155.00,3046
5590160.00,2704
5620000000,0000
5620001.00,2708
5620002.00,1817
5620003.00,1818
5620004.00,1819
5620005.00,1820
5620006.00,1821
5620007.00,1822
5620008.00,1823
5620009.00,1824
5620010.00,1825
5620011.00,1826
5620012.00,1827
5620013.00,1828
5620100.00,1830
5620101.00,2709
5620102.00,2710
5620110.00,2711
5750000000,0000
5750001.00,3627
5750002.00,3628
5750003.00,3629
5750004.00,3630
5750005.00,3631
5750006.00,3632
5750007.00,3633
5750008.00,3634
5750009.00,3635
5750010.00,3636
5750011.00,3637
5750012.00,3638
5750013.00,3639
5750014.00,3640
5750015.00,3641
5750016.00,3642
5750017.00,3643
5750100.00,3644
5750101.00,3645
5800000000,0000
5800001.01,2792
5800001.02,2793
5800001.03,3646
5800002.00,1835
5800003.00,1836
5800004.00,1837
5800005.00,1838
5800006.00,1839
5800007.00,1840
5800008.00,1841
5800009.00,1842
5800010.00,1843
5800011.00,1844
5800012.00,1845
5800013.00,1846
5800014.00,1847
5800015.00,1848
5800016.01,3647
5800016.02,3648
5800017.01,3649
5800017.02,3650
5800100.00,1851
5800101.00,2717
5800102.00,2718
5800110.00,1852
5800130.00,1854
5800131.00,2712
5800132.00,2713
5800160.00,2714
5800161.01,3651
5800161.02,3652
5800162.00,2716
5800190.00,2719
5800191.00,2720
5800192.00,2721
5800193.00,2722
5900000000,0000
5900001.00,1862
5900002.00,1863
5900003.00,1864
5900004.00,1865
5900005.00,1866
5900006.00,1867
5900007.00,1868
5900008.00,1869
5900009.00,1870
5900010.00,1871
5900011.00,1872
5900012.00,1873
5900013.00,1874
5900014.00,1875
5900015.00,1876
5900016.00,1877
5900017.00,1878
5900018.01,3653
5900018.02,3654
5900100.00,1880
5900101.00,3655
5900102.00,3656
5950000000,0000
5950001.00,1881
5950002.00,1882
5950003.00,1883
5950004.00,1884
5950005.00,1885
5950006.00,1886
5950007.00,1887
5950008.00,1888
5950009.01,3657
5950009.02,3658
5950010.01,3659
5950010.02,3660
5950011.01,3661
5950011.02,3662
5950011.03,3663
5950012.00,1892
5950013.00,1893
5950014.00,1894
5950015.00,1895
5950016.00,1896
5950017.00,1897
5950018.00,1898
5950019.00,1899
5950020.00,1900
5950021.00,1901
5950022.01,3664
5950022.02,3665
5950023.00,1903
5950100.00,2724
5950101.00,2648
6020000000,0000
6020001.00,1906
6020002.00,1907
6020003.00,1908
6020004.01,2725
6020004.02,2726
6020005.00,1910
6020006.00,1911
6020007.00,1912
6020008.00,1913
6020009.00,1914
6020010.00,1915
6020011.00,1916
6020012.00,1917
6020013.00,1918
6020014.00,1919
6020015.00,1920
6020016.00,1921
6020017.00,1922
6020018.00,1923
6020019.00,1924
6020020.00,1925
6020021.00,1926
6020022.00,1927
6020023.00,1928
6020024.00,1929
6020025.00,1930
6020026.00,1931
6020027.00,1932
6020028.00,1933
6020029.00,1934
6020030.00,1935
6020031.00,1936
6020032.00,1937
6020033.00,1938
6020034.00,1939
6020035.00,1940
6020036.00,1941
6020037.00,1942
6020038.00,1943
6020039.00,1944
6020040.00,1945
6020041.00,1946
6020042.00,1947
6020043.00,1948
6020044.00,1949
6020045.00,1950
6020046.00,1951
6020047.00,1952
6020048.00,1953
6020049.00,1954
6020050.01,3666
6020050.02,3667
6020051.01,3668
6020051.02,3669
6020052.00,1957
6020100.01,3670
6020100.02,3671
6020101.01,3672
6020101.02,3673
6020102.01,2727
6020102.02,2728
6020102.03,2729
6020102.04,3674
6020103.00,1961
6020104.00,1962
6020105.00,1963
6020110.01,3675
6020110.02,3676
6020110.03,3677
6020111.00,1965
6020112.01,2730
6020112.02,2731
6020113.00,1967
6020114.00,1968
6020115.00,1969
6020116.00,1970
6020117.00,1971
6020120.01,2732
6020120.02,2733
6020120.03,3678
6020121.00,1973
6020122.00,1974
6020123.00,1975
6020130.01,3679
6020130.02,3680
6020131.00,1977
6020132.00,1978
6020133.00,1979
6020134.00,1980
6020140.00,1981
6020141.01,2734
6020141.02,2735
6020142.01,3681
6020142.02,3682
6020150.00,1984
6020500.01,2736
6020500.02,2737
6020500.03,3683
6020501.01,3684
6020501.02,3685
6020502.00,1987
6020503.00,1988
6020510.00,1989
6020520.00,1990
6020521.00,1991
6020522.01,3686
6020522.02,3687
6020530.00,1993
6020531.00,1994
6020532.00,1995
6020533.00,1996
6020534.00,1997
6020535.00,1998
6020536.00,1999
6020537.01,2738
6020537.02,2739
6020537.03,2740
6020538.00,2001
6020539.00,2002
6020540.01,2741
6020540.02,2742
6020540.03,2743
6020541.00,2004
6020542.00,2005
6020550.00,2006
6020551.00,2007
6020552.00,2008
6020553.00,2009
6020560.01,3688
6020560.02,3689
6020560.03,3690
6020570.00,2011
6020580.00,2723
6020590.00,2799
6020600.00,2800
7050000000,0000
7050001.01,2744
7050001.02,2745
7050002.01,3691
7050002.02,3692
7050003.00,2014
7050004.00,2015
7050005.00,2016
7050006.00,2017
7050007.00,2018
7050008.01,3693
7050008.02,3694
7050009.01,3695
7050009.02,3696
7050010.00,2021
7050011.00,2022
7050012.00,2023
7050013.00,2024
7050014.00,2025
7050015.00,2026
7050016.00,2027
7050017.00,2028
7050018.00,2029
7050019.00,2030
7050020.00,2031
7050021.00,2032
7050022.00,2033
7050023.01,3697
7050023.02,3698
7050024.00,2035
7050025.01,2746
7050025.02,2747
7050026.00,2037
7050027.00,2038
7050028.01,3699
7050028.02,3700
7050100.00,2040
7250000000,0000
7250001.00,2041
7250002.01,2794
7250002.02,2795
7250003.00,2043
7250004.00,2044
7250005.00,2045
7250006.01,3701
7250006.02,3702
7250006.03,3703
7250007.00,2047
7250008.00,2048
7250009.00,2049
7250010.00,2050
7250011.01,2796
7250011.02,2797
7250011.03,2798
7250012.01,3704
7250012.02,3705
7250012.03,3706
7250013.00,2053
7250014.00,2054
7250015.00,2055
7250016.00,2056
7250017.00,2057
7250018.01,3707
7250018.02,3708
7250018.03,3709
7250018.04,3710
7250019.00,2059
7250020.00,2060
7250021.01,3711
7250021.02,3712
7250021.03,3713
7250022.00,2062
8250000000,0000
8250001.01,2748
8250001.02,2749
8250001.03,2750
8250001.04,3714
8250001.05,3715
8250001.06,3716
8250001.07,3717
8250001.08,3718
8250001.09,3719
8250002.00,2064
8250003.00,2065
8250004.00,2066
8250005.00,2067
8250006.00,2068
8250007.01,3720
8250007.02,3721
8250007.03,3722
8250007.04,3723
8250008.00,2070
8250009.00,2071
8250010.00,2072
8250011.00,2073
8250012.00,2074
8250013.00,2075
8250014.00,2076
8250015.00,2077
8250016.00,2078
8250017.00,2079
8250018.00,2080
8250019.00,2081
8250020.00,2082
8250021.00,2083
8250022.00,2084
8250023.00,2085
8250024.00,2086
8250025.00,2087
8250026.00,2088
8250027.00,2089
8250028.00,2090
8250029.00,2091
8250030.00,2092
8250031.00,2093
8250032.00,2094
8250033.00,2095
8250034.00,2096
8250035.01,3724
8250035.02,3725
8250036.01,3726
8250036.02,3727
8250037.00,2099
8250038.01,2751
8250038.02,2752
8250038.03,2753
8250038.04,2754
8250038.05,3728
8250038.06,3729
8250038.07,3730
8250038.08,3731
8250038.09,3732
8250038.10,3733
8250038.11,3734
8250038.12,3735
8250038.13,3736
8250038.14,3737
8250039.00,2101
8250040.00,2102
8250041.00,2103
8250042.00,2104
8250043.00,2105
8250044.00,2106
8250045.00,2107
8250046.00,2108
8250047.00,2109
8250048.00,2110
8250049.00,2111
8250050.00,2112
8250051.00,2113
8250052.01,3738
8250052.02,3739
8250052.03,3740
8250052.04,3741
8250053.00,2115
8250054.00,2116
8250055.00,2117
8250056.00,2118
8250057.00,2119
8250058.00,2120
8250059.00,2121
8250060.00,2122
8250061.00,2123
8250062.00,2124
8250063.00,2125
8250064.00,2126
8250065.00,2127
8250066.01,3742
8250066.02,3743
8250067.00,2129
8250068.00,2130
8250069.00,2131
8250070.00,2132
8250071.00,2133
8250072.00,2134
8250073.00,2135
8250074.00,2136
8250075.01,3744
8250075.02,3745
8250076.01,2755
8250076.02,2756
8250076.03,2757
8250076.04,3746
8250076.05,3747
8250076.06,3748
8250077.01,3749
8250077.02,3750
8250077.03,3751
8350000000,0000
8350001.01,3752
8350001.02,3753
8350001.03,3754
8350001.04,3755
8350001.05,3756
8350002.01,2758
8350002.02,2759
8350002.03,3757
8350003.00,2142
8350004.00,2143
8350005.01,3758
8350005.02,3759
8350006.01,3760
8350006.02,3761
8350006.03,3762
8350006.04,3763
8350006.05,3764
8350006.06,3765
8350007.01,3766
8350007.02,3767
8350008.00,2147
8350009.00,2148
8350010.00,2149
8350011.00,2150
8350012.01,2761
8350012.02,2762
8350013.00,2152
8350014.00,2153
8350015.01,3768
8350015.02,3769
8350016.01,3770
8350016.02,3771
8350017.00,2156
8350018.00,2157
8350019.01,3772
8350019.02,3773
8350020.00,2159
8350021.00,2160
8350022.00,2161
8350023.00,2162
8350024.00,2163
8350025.00,2164
8350026.00,2165
8350027.00,2166
8350028.00,2167
8350029.00,2168
8350030.00,2169
8350031.00,2170
8350032.01,3774
8350032.02,3775
8350033.00,2172
8350034.00,2173
8350035.00,2174
8350036.00,2175
8350037.00,2176
8350038.00,2177
8350039.00,2178
8350040.00,2179
8350041.00,2180
8350042.01,3776
8350042.02,3777
8350043.00,2182
8350044.00,2183
8350045.00,2184
8350046.00,2185
8350047.00,2186
8350048.00,2187
8350049.00,2188
8350050.00,2189
8350051.01,3778
8350051.02,3779
8350052.01,3780
8350052.02,3781
8350053.00,2192
8350054.00,2193
8350055.00,2194
8350056.00,2195
8350057.00,2196
8350058.00,2197
8350059.00,2198
8350060.01,3782
8350060.02,3783
8350061.00,2200
8350062.00,2201
8350063.00,2202
8350064.01,3784
8350064.02,3785
8350065.01,3786
8350065.02,3787
8350065.03,3788
8350066.00,2205
8350067.00,2206
8350068.00,2207
8350069.00,2208
8350070.00,2209
8350071.00,2210
8350072.00,2211
8350073.00,2212
8350074.00,2213
8350075.01,2763
8350075.02,2764
8350075.03,3789
8350075.04,3790
8350075.05,3791
8350075.06,3792
8350075.07,3793
8350076.01,3794
8350076.02,3795
8350077.01,3796
8350077.02,3797
8350078.01,3798
8350078.02,3799
8350078.03,3800
8350078.04,3801
8350078.05,3802
8350090.01,3803
8350090.02,3804
8350090.03,3805
8350090.04,3806
8350090.05,3807
8350090.06,3808
8350090.07,3809
8350090.08,3810
8350090.09,3811
8350090.10,3812
8350100.00,3011
8350101.01,3813
8350101.02,3814
8350102.00,2766
8350103.00,2767
8350104.00,2768
8350105.01,3815
8350105.02,3816
8350106.00,2770
8350110.00,2771
8350111.00,2772
8350120.01,3817
8350120.02,3818
8350120.03,3819
8350120.04,3820
8350121.01,3821
8350121.02,3822
8350121.03,3823
8350140.00,2775
8350141.00,2776
8350142.01,3824
8350142.02,3825
9150000000,0000
9150001.00,3826
9150002.00,3827
9150003.00,3828
9150004.00,3829
9150005.00,3830
9150006.00,3831
9150007.00,3832
9150008.00,3833
9150009.00,3834
9150010.00,3835
9150011.00,3836
9150012.00,3837
9150013.00,3838
9150014.00,3839
9150015.00,3840
9150016.00,3841
9150017.00,3842
9150018.00,3843
9150019.00,3844
9150100.00,3845
9150101.00,3846
9150102.00,3847
9150103.00,3848
9150104.00,3849
9250000000,0000
9250001.00,3850
9250002.00,3851
9250003.00,3852
9250004.00,3853
9250005.00,3854
9250006.00,3855
9250007.00,3856
9250008.00,3857
9250009.00,3858
9250010.00,3859
9250011.00,3860
9250012.00,3861
9250013.00,3862
9250014.00,3863
9250015.00,3864
9250016.00,3865
9250017.00,3866
9250018.00,3867
9250019.00,3868
9250020.00,3869
9250021.00,3870
9250022.00,3871
9330000000,0000
9330001.00,2950
9330002.00,2229
9330003.00,2230
9330004.00,2231
9330005.00,2232
9330006.00,2233
9330007.00,2234
9330008.00,2235
9330009.00,2236
9330010.00,2237
9330011.00,2238
9330012.00,2239
9330013.01,2951
9330013.02,2952
9330014.00,2241
9330015.01,2953
9330015.02,2954
9330016.01,3872
9330016.02,3873
9330017.00,2244
9330018.01,2955
9330018.02,2956
9330019.00,2246
9330020.00,2247
9330021.00,2248
9330022.00,2249
9330023.00,2250
9330024.00,2251
9330025.00,2252
9330026.00,2253
9330027.00,2254
9330028.00,2255
9330029.00,2256
9330030.00,2257
9330031.00,2258
9330032.00,2259
9330033.00,2260
9330034.00,2261
9330035.00,2262
9330036.01,2957
9330036.02,2958
9330037.00,2264
9330038.00,2265
9330039.00,2266
9330040.00,2267
9330041.00,2268
9330042.00,2269
9330043.00,2270
9330044.00,2271
9330045.00,2272
9330046.00,2273
9330047.00,2274
9330048.00,2275
9330049.01,3874
9330049.02,3875
9330050.01,3876
9330050.02,3877
9330051.00,2278
9330052.01,3878
9330052.02,3879
9330053.00,2280
9330054.00,2281
9330055.00,2282
9330056.00,2283
9330057.00,2284
9330058.00,2285
9330059.01,3880
9330059.02,3881
9330060.00,2287
9330061.00,2288
9330062.00,2289
9330063.00,2290
9330064.00,2291
9330065.00,2292
9330066.00,2293
9330067.00,2294
9330068.00,2295
9330069.00,2296
9330100.01,3882
9330100.02,3883
9330101.01,3884
9330101.02,3885
9330102.00,2300
9330103.00,2301
9330104.00,2302
9330110.00,2303
9330111.01,3886
9330111.02,3887
9330111.03,3888
9330112.00,2305
9330113.00,2306
9330114.00,2307
9330115.00,2308
9330116.00,2309
9330117.00,2310
9330118.00,2311
9330119.00,2312
9330120.00,2313
9330121.00,2314
9330122.00,2315
9330130.01,3889
9330130.02,3890
9330131.00,2317
9330132.00,2318
9330133.00,2319
9330134.00,2320
9330135.00,2321
9330140.00,2322
9330141.00,2323
9330142.01,3891
9330142.02,3892
9330143.01,3893
9330143.02,3894
9330143.03,3895
9330144.01,2959
9330144.02,2960
9330145.00,2327
9330146.00,2328
9330147.00,2329
9330148.00,2330
9330149.01,3896
9330149.02,3897
9330150.00,2332
9330151.00,2333
9330160.01,2961
9330160.02,2962
9330160.03,3898
9330160.04,3899
9330161.01,3900
9330161.02,3901
9330161.03,3902
9330161.04,3903
9330162.01,3904
9330162.02,3905
9330162.03,3906
9330163.01,2963
9330163.02,2964
9330163.03,2965
9330170.01,2966
9330170.02,2967
9330180.00,2339
9330181.01,2968
9330181.02,2969
9330182.00,2341
9330183.01,3907
9330183.02,3908
9330184.01,3909
9330184.02,3910
9330185.01,2970
9330185.02,2971
9330185.03,3911
9330186.01,2972
9330186.02,2973
9330186.03,2974
9330186.04,3912
9330187.00,2346
9330188.00,2347
9330189.01,3913
9330189.02,3914
9330189.03,3915
9330190.01,2975
9330190.02,2976
9330191.01,2977
9330191.02,2978
9330192.00,2351
9330200.00,2352
9330201.00,2353
9330202.00,2354
9330203.00,2355
9330204.00,2356
9330205.00,2357
9330206.00,2358
9330207.00,2359
9330208.00,2360
9330209.00,2361
9330210.00,2362
9330220.00,2363
9330221.01,2979
9330221.02,2980
9330222.00,2365
9330223.00,2366
9330224.00,2367
9330225.00,2368
9330226.01,3916
9330226.02,3917
9330227.00,2370
9330228.01,3918
9330228.02,3919
9330229.00,2372
9330230.01,3920
9330230.02,3921
9330231.00,2374
9330232.00,2375
9330233.00,2376
9330234.00,2377
9330235.01,3922
9330235.02,3923
9330236.00,2379
9330237.00,2380
9330238.01,3924
9330238.02,3925
9330239.00,2382
9330240.00,2383
9330241.00,2384
9330242.00,2385
9330243.00,2386
9330250.00,2981
9330260.01,2982
9330260.02,2983
9330270.00,2390
9330280.00,2391
9330281.01,3926
9330281.02,3927
9330282.00,2393
9330283.00,2394
9330284.01,2984
9330284.02,2985
9330285.01,3928
9330285.02,3929
9330286.01,2986
9330286.02,2987
9330286.03,3930
9330287.01,3931
9330287.02,3932
9330290.01,3933
9330290.02,3934
9330291.01,3935
9330291.02,3936
9330292.00,2401
9330400.00,2989
9330401.00,2990
9330402.01,3937
9330402.02,3938
9330403.01,3939
9330403.02,3940
9330404.00,2993
9330410.00,2403
9330500.00,2994
9330501.00,2995
9330502.01,3941
9330502.02,3942
9330503.01,3943
9330503.02,3944
9330504.00,2998
9330505.00,2999
9330506.00,3945
9350000000,0000
9350001.00,2408
9350002.00,2409
9350003.01,3946
9350003.02,3947
9350004.00,2411
9350005.00,2412
9350006.00,2413
9350007.00,2414
9350008.00,2415
9350009.00,2416
9350010.00,2417
9350011.00,2418
9350012.00,2419
9350013.00,2420
9350014.00,2421
9350100.00,2422
9350101.00,2423
9350102.00,2424
9350103.00,2425
9350104.00,2426
9350110.00,2427
9350111.01,3948
9350111.02,3949
9350120.00,2429
9350121.01,3950
9350121.02,3951
9350121.03,3952
9350122.00,2431
9350123.01,3953
9350123.02,3954
9350124.00,2433
9350125.00,2434
9350126.00,2435
9350127.00,2436
9350128.00,2437
9350129.01,3955
9350129.02,3956
9350130.00,2439
9350131.00,2440
9350132.00,2441
9350133.00,2442
9350150.00,2778
9350151.01,3957
9350151.02,3958
9350152.00,2780
9350153.00,2781
9350154.00,2782
9350155.00,2783
9350160.01,3959
9350160.02,3960
9350170.00,2445
9350171.00,2446
9350180.00,2785
9700000000,0000
9700001.00,3961
9700002.00,3962
9700003.00,3963
9700004.00,3964
9700005.00,3965
9700006.00,3966
9700007.00,3967
9700008.00,3968
9700009.00,3969
9700010.00,3970
9700011.00,3971
9700012.00,3972
9700013.00,3973
9700014.00,3974
9700015.00,3975
9700016.00,3976
9700017.00,3977
9700018.00,3978
9700019.00,3979
9700020.00,3980
9700021.00,3981
9700022.00,3982
9700023.00,3983
